Epoch,Timestamp,Open,High,Low,Close,Volume
1790826300,2026-10-01T09:15:00,72192.89,72342.07,72187.62,72338.22,467415
1790826360,2026-10-01T09:16:00,72320.84,72450.34,72320.84,72410.49,482338
1790826420,2026-10-01T09:17:00,72415.84,72439.34,72327.12,72395.54,225724
1790826480,2026-10-01T09:18:00,72393.42,72433.56,72390.84,72398.46,119365
1790826540,2026-10-01T09:19:00,72400.3,72404.37,72339.08,72349.74,94111
1790826600,2026-10-01T09:20:00,72342.87,72374.04,72324.12,72342.81,90711
1790826660,2026-10-01T09:21:00,72338.33,72338.33,72302.74,72312.55,96662
1790826720,2026-10-01T09:22:00,72308.14,72317.03,72277.36,72283.72,113817
1790826780,2026-10-01T09:23:00,72276.95,72283.7,72243.66,72254.55,58769
1790826840,2026-10-01T09:24:00,72253.11,72260.5,72223.99,72239.26,76840
1790826900,2026-10-01T09:25:00,72227.62,72262.38,72224.33,72252.62,381168
1790826960,2026-10-01T09:26:00,72251.83,72294.42,72251.83,72260.27,1151412
1790827020,2026-10-01T09:27:00,72259.72,72282.72,72236.43,72273.93,76118
1790827080,2026-10-01T09:28:00,72274.06,72320.64,72265.82,72313.9,72125
1790827140,2026-10-01T09:29:00,72312.61,72323.65,72298.06,72316.99,55657
1790827200,2026-10-01T09:30:00,72317.48,72406.77,72316.37,72399.07,68105
1790827260,2026-10-01T09:31:00,72408.27,72437.65,72391.59,72401.47,716759
1790827320,2026-10-01T09:32:00,72398.85,72434.66,72394.07,72405.16,68540
1790827380,2026-10-01T09:33:00,72406.52,72425.14,72401.81,72409.24,38549
1790827440,2026-10-01T09:34:00,72408.18,72411.86,72310.38,72310.38,103705
1790827500,2026-10-01T09:35:00,72313.42,72333.01,72307.86,72320.3,80761
1790827560,2026-10-01T09:36:00,72318.99,72339.63,72316.03,72327.9,80356
1790827620,2026-10-01T09:37:00,72332.88,72343.98,72314.98,72336.67,68381
1790827680,2026-10-01T09:38:00,72339.14,72344.68,72324.81,72332.27,67556
1790827740,2026-10-01T09:39:00,72330.29,72378.43,72330.07,72377.54,71564
1790827800,2026-10-01T09:40:00,72380.2,72391.16,72363.59,72381.1,52046
1790827860,2026-10-01T09:41:00,72380.77,72383.77,72359.31,72361.94,58341
1790827920,2026-10-01T09:42:00,72363.69,72402.04,72360.36,72397.44,80211
1790827980,2026-10-01T09:43:00,72395.76,72397.45,72375.01,72375.3,99341
1790828040,2026-10-01T09:44:00,72376.35,72386.37,72352.25,72370.09,67369
1790828100,2026-10-01T09:45:00,72367.28,72367.74,72315.43,72348.89,62298
1790828160,2026-10-01T09:46:00,72356.89,72376.67,72354.19,72357.7,75988
1790828220,2026-10-01T09:47:00,72360.89,72412.09,72360.89,72404.63,90901
1790828280,2026-10-01T09:48:00,72400.62,72417.27,72381.21,72412.88,98481
1790828340,2026-10-01T09:49:00,72410.92,72433.39,72377.9,72390.15,69854
1790828400,2026-10-01T09:50:00,72392.85,72409.62,72392.21,72401.94,45064
1790828460,2026-10-01T09:51:00,72401.15,72406.34,72375.63,72380.13,1037463
1790828520,2026-10-01T09:52:00,72380.4,72405.47,72380.4,72405.47,52033
1790828580,2026-10-01T09:53:00,72405.43,72405.43,72358.16,72358.16,360066
1790828640,2026-10-01T09:54:00,72358.18,72372.37,72337.67,72337.67,62759
1790828700,2026-10-01T09:55:00,72339.46,72366.53,72322.12,72362.67,51169
1790828760,2026-10-01T09:56:00,72363.27,72396.63,72340.3,72391.92,44541
1790828820,2026-10-01T09:57:00,72391.22,72394.18,72361.45,72371.52,48236
1790828880,2026-10-01T09:58:00,72372.74,72404.16,72367.09,72403.99,72066
1790828940,2026-10-01T09:59:00,72400.57,72444.08,72400.11,72441.63,39343
1790829000,2026-10-01T10:00:00,72440.83,72481.59,72434.57,72478.14,83331
1790829060,2026-10-01T10:01:00,72482.47,72522.61,72474.37,72515.68,65877
1790829120,2026-10-01T10:02:00,72515.18,72540.91,72501.78,72514.17,67474
1790829180,2026-10-01T10:03:00,72515.61,72520.07,72489.76,72503.93,88639
1790829240,2026-10-01T10:04:00,72506.99,72529.18,72502.93,72518.9,31153
1790829300,2026-10-01T10:05:00,72515.88,72544.35,72513.66,72542.63,92565
1790829360,2026-10-01T10:06:00,72542.57,72553.74,72530.89,72549.73,136789
1790829420,2026-10-01T10:07:00,72550.33,72572.9,72533.81,72559.31,225059
1790829480,2026-10-01T10:08:00,72556.82,72556.82,72488.83,72488.83,59592
1790829540,2026-10-01T10:09:00,72487.17,72505.99,72483.06,72484.16,53928
1790829600,2026-10-01T10:10:00,72483.04,72483.04,72448.97,72477.78,99257
1790829660,2026-10-01T10:11:00,72484.23,72511.04,72480.82,72481.55,27862
1790829720,2026-10-01T10:12:00,72474.92,72474.92,72447.67,72452.7,45293
1790829780,2026-10-01T10:13:00,72455.28,72458.55,72430.83,72432.36,16041
1790829840,2026-10-01T10:14:00,72432.21,72451.02,72427.41,72451.02,51725
1790829900,2026-10-01T10:15:00,72447.55,72461.02,72435.37,72435.59,59737
1790829960,2026-10-01T10:16:00,72440.26,72481.81,72436.85,72464.28,31203
1790830020,2026-10-01T10:17:00,72466.44,72466.44,72441.82,72452.7,60132
1790830080,2026-10-01T10:18:00,72456.07,72476.2,72456.07,72465.81,40151
1790830140,2026-10-01T10:19:00,72465.28,72465.28,72430.59,72430.59,63165
1790830200,2026-10-01T10:20:00,72429.06,72441.38,72427.48,72427.48,51523
1790830260,2026-10-01T10:21:00,72422.76,72445.4,72419.72,72428.83,51292
1790830320,2026-10-01T10:22:00,72428.83,72435.06,72404.92,72407.96,36194
1790830380,2026-10-01T10:23:00,72404.78,72433.76,72402.26,72433.76,49092
1790830440,2026-10-01T10:24:00,72429.03,72430.26,72394.08,72404.42,51090
1790830500,2026-10-01T10:25:00,72398.27,72426.64,72398.27,72415.84,41473
1790830560,2026-10-01T10:26:00,72408.9,72417.93,72390.37,72390.83,1578421
1790830620,2026-10-01T10:27:00,72386.85,72401.06,72380.07,72392.01,82231
1790830680,2026-10-01T10:28:00,72390.87,72391.33,72358.9,72387.2,61066
1790830740,2026-10-01T10:29:00,72388.75,72408.39,72386.63,72404.32,533371
1790830800,2026-10-01T10:30:00,72399.18,72431.11,72392.51,72426.71,93618
1790830860,2026-10-01T10:31:00,72428.76,72459.95,72426.46,72459.95,64990
1790830920,2026-10-01T10:32:00,72458.41,72482.83,72447.18,72481.78,72337
1790830980,2026-10-01T10:33:00,72487.08,72507.74,72473.49,72473.49,95508
1790831040,2026-10-01T10:34:00,72476.18,72481.2,72458.8,72477.77,63305
1790831100,2026-10-01T10:35:00,72476.86,72489.54,72462.16,72489.54,70184
1790831160,2026-10-01T10:36:00,72490.88,72520.36,72489.13,72509.36,50399
1790831220,2026-10-01T10:37:00,72504.22,72508.63,72481.21,72496.59,238714
1790831280,2026-10-01T10:38:00,72496.8,72496.8,72468.77,72485.32,127315
1790831340,2026-10-01T10:39:00,72485.1,72488.57,72464.94,72476.63,62532
1790831400,2026-10-01T10:40:00,72476.91,72479.23,72463.4,72472.75,43396
1790831460,2026-10-01T10:41:00,72471.9,72477.38,72468.18,72472.48,17298
1790831520,2026-10-01T10:42:00,72473.61,72478.23,72455.42,72456.23,545802
1790831580,2026-10-01T10:43:00,72456.98,72473.41,72446.1,72447.33,89971
1790831640,2026-10-01T10:44:00,72450.11,72468.05,72445.72,72456.67,49487
1790831700,2026-10-01T10:45:00,72456.89,72466.14,72419.66,72447.75,118255
1790831760,2026-10-01T10:46:00,72445.69,72457.13,72433.19,72435.64,484221
1790831820,2026-10-01T10:47:00,72439.2,72443.09,72420.64,72434.33,162296
1790831880,2026-10-01T10:48:00,72435.44,72435.44,72391.92,72420.2,69112
1790831940,2026-10-01T10:49:00,72417.83,72425.64,72406.53,72408.12,28436
1790832000,2026-10-01T10:50:00,72411.65,72477.99,72410.29,72476.72,167412
1790832060,2026-10-01T10:51:00,72480.75,72482.9,72446.59,72477.8,195430
1790832120,2026-10-01T10:52:00,72480.94,72487.25,72423.81,72432.88,204875
1790832180,2026-10-01T10:53:00,72431.86,72475.65,72419.55,72470.77,177660
1790832240,2026-10-01T10:54:00,72470.85,72474.52,72418.9,72420.09,124691
1790832300,2026-10-01T10:55:00,72423.1,72453.75,72404.7,72423.53,140915
1790832360,2026-10-01T10:56:00,72424.52,72430.03,72403.65,72430.03,1118375
1790832420,2026-10-01T10:57:00,72428.52,72429.98,72405.3,72416.13,75970
1790832480,2026-10-01T10:58:00,72412.88,72417.18,72404.29,72417.18,35488
1790832540,2026-10-01T10:59:00,72413.28,72447.54,72409.76,72428.62,67209
1790832600,2026-10-01T11:00:00,72427.71,72428.41,72412.4,72415.28,54370
1790832660,2026-10-01T11:01:00,72411.95,72421.49,72394.52,72407.52,59166
1790832720,2026-10-01T11:02:00,72408.9,72419.7,72407.61,72408.43,40254
1790832780,2026-10-01T11:03:00,72408.89,72412.84,72375.37,72386.93,60998
1790832840,2026-10-01T11:04:00,72384.5,72406.9,72379.18,72379.18,61727
1790832900,2026-10-01T11:05:00,72375.1,72390.99,72368.47,72380.75,69909
1790832960,2026-10-01T11:06:00,72381.13,72415.38,72381.13,72382.52,59828
1790833020,2026-10-01T11:07:00,72388.99,72388.99,72348.23,72377.98,152534
1790833080,2026-10-01T11:08:00,72380.18,72389.52,72357.61,72363.01,56878
1790833140,2026-10-01T11:09:00,72362.4,72363.97,72326.82,72339.12,92725
1790833200,2026-10-01T11:10:00,72333.01,72358.86,72332.71,72356.66,73968
1790833260,2026-10-01T11:11:00,72357.21,72377.44,72350.84,72363.72,64459
1790833320,2026-10-01T11:12:00,72363.08,72385.13,72351.59,72364.1,75050
1790833380,2026-10-01T11:13:00,72363.47,72378.31,72342.93,72372.56,85006
1790833440,2026-10-01T11:14:00,72373.25,72374.34,72348.96,72365.71,58759
1790833500,2026-10-01T11:15:00,72366.17,72387.15,72358.86,72376.55,140013
1790833560,2026-10-01T11:16:00,72375.51,72394.03,72372.96,72394.03,124857
1790833620,2026-10-01T11:17:00,72391.95,72417.95,72390.02,72401.07,205746
1790833680,2026-10-01T11:18:00,72400.96,72416.32,72396.71,72396.71,30488
1790833740,2026-10-01T11:19:00,72401.77,72405.37,72378.0,72391.58,29663
1790833800,2026-10-01T11:20:00,72391.82,72402.76,72385.25,72385.25,31699
1790833860,2026-10-01T11:21:00,72385.36,72385.36,72357.58,72377.73,42924
1790833920,2026-10-01T11:22:00,72380.71,72380.81,72336.08,72344.12,43953
1790833980,2026-10-01T11:23:00,72343.17,72345.6,72303.68,72326.23,92931
1790834040,2026-10-01T11:24:00,72326.49,72332.46,72302.49,72324.22,60684
1790834100,2026-10-01T11:25:00,72323.6,72332.72,72310.27,72330.04,89000
1790834160,2026-10-01T11:26:00,72330.63,72344.27,72323.82,72332.26,46047
1790834220,2026-10-01T11:27:00,72332.01,72352.59,72326.53,72346.56,60908
1790834280,2026-10-01T11:28:00,72346.56,72346.56,72319.2,72336.08,78794
1790834340,2026-10-01T11:29:00,72340.71,72358.94,72340.05,72354.48,54334
1790834400,2026-10-01T11:30:00,72353.79,72376.85,72352.44,72376.69,35566
1790834460,2026-10-01T11:31:00,72376.69,72376.69,72353.7,72356.86,44255
1790834520,2026-10-01T11:32:00,72363.58,72367.73,72320.18,72336.42,67213
1790834580,2026-10-01T11:33:00,72336.81,72369.55,72330.61,72349.02,159700
1790834640,2026-10-01T11:34:00,72347.79,72349.23,72325.35,72347.67,44695
1790834700,2026-10-01T11:35:00,72345.26,72361.51,72344.29,72361.51,48384
1790834760,2026-10-01T11:36:00,72364.35,72402.61,72359.79,72402.41,1487036
1790834820,2026-10-01T11:37:00,72400.48,72414.36,72390.4,72412.75,43669
1790834880,2026-10-01T11:38:00,72412.97,72412.97,72376.03,72376.03,10294
1790834940,2026-10-01T11:39:00,72374.0,72397.29,72359.65,72395.25,60621
1790835000,2026-10-01T11:40:00,72396.74,72400.38,72379.04,72388.71,15095
1790835060,2026-10-01T11:41:00,72390.94,72407.4,72383.66,72406.03,35348
1790835120,2026-10-01T11:42:00,72406.23,72429.14,72403.18,72423.05,43336
1790835180,2026-10-01T11:43:00,72421.28,72423.65,72409.96,72421.63,16050
1790835240,2026-10-01T11:44:00,72418.04,72433.76,72413.75,72427.11,58658
1790835300,2026-10-01T11:45:00,72429.56,72429.56,72410.95,72417.43,24906
1790835360,2026-10-01T11:46:00,72414.1,72414.1,72378.23,72390.41,55217
1790835420,2026-10-01T11:47:00,72389.1,72411.12,72389.1,72401.61,14879
1790835480,2026-10-01T11:48:00,72397.99,72400.97,72365.81,72368.51,32691
1790835540,2026-10-01T11:49:00,72367.29,72371.75,72332.21,72343.61,61734
1790835600,2026-10-01T11:50:00,72332.07,72349.86,72327.26,72343.45,42416
1790835660,2026-10-01T11:51:00,72342.31,72358.88,72329.19,72334.25,64413
1790835720,2026-10-01T11:52:00,72337.04,72348.19,72334.63,72342.63,29491
1790835780,2026-10-01T11:53:00,72339.22,72359.67,72335.19,72335.19,60627
1790835840,2026-10-01T11:54:00,72331.15,72339.73,72318.57,72334.57,59987
1790835900,2026-10-01T11:55:00,72336.77,72347.1,72334.53,72341.85,40382
1790835960,2026-10-01T11:56:00,72340.84,72366.83,72338.67,72365.45,56411
1790836020,2026-10-01T11:57:00,72359.77,72370.59,72342.28,72360.4,81352
1790836080,2026-10-01T11:58:00,72362.72,72374.78,72353.06,72356.83,51970
1790836140,2026-10-01T11:59:00,72357.17,72384.13,72348.28,72374.53,132815
1790836200,2026-10-01T12:00:00,72373.19,72403.9,72372.05,72400.77,65802
1790836260,2026-10-01T12:01:00,72399.19,72399.19,72363.2,72366.88,44569
1790836320,2026-10-01T12:02:00,72366.64,72373.1,72328.44,72328.44,71769
1790836380,2026-10-01T12:03:00,72333.18,72349.8,72324.1,72345.51,63134
1790836440,2026-10-01T12:04:00,72346.16,72346.16,72311.83,72317.95,28456
1790836500,2026-10-01T12:05:00,72317.31,72322.4,72298.26,72316.92,74390
1790836560,2026-10-01T12:06:00,72323.15,72324.88,72286.31,72296.64,91160
1790836620,2026-10-01T12:07:00,72296.9,72302.14,72268.65,72274.95,119402
1790836680,2026-10-01T12:08:00,72273.59,72289.09,72272.95,72284.67,44201
1790836740,2026-10-01T12:09:00,72284.67,72289.68,72250.13,72278.41,111187
1790836800,2026-10-01T12:10:00,72276.87,72276.87,72200.02,72204.99,128786
1790836860,2026-10-01T12:11:00,72205.48,72227.63,72187.49,72220.15,67406
1790836920,2026-10-01T12:12:00,72221.42,72250.95,72210.54,72245.68,55600
1790836980,2026-10-01T12:13:00,72245.9,72261.32,72238.82,72255.36,77915
1790837040,2026-10-01T12:14:00,72255.83,72255.83,72222.29,72236.85,54734
1790837100,2026-10-01T12:15:00,72237.95,72237.95,72214.58,72227.24,31757
1790837160,2026-10-01T12:16:00,72227.03,72262.94,72227.03,72235.72,79810
1790837220,2026-10-01T12:17:00,72236.46,72240.56,72223.44,72224.71,59473
1790837280,2026-10-01T12:18:00,72222.14,72222.14,72199.34,72204.07,60375
1790837340,2026-10-01T12:19:00,72203.5,72206.52,72165.02,72168.94,28197
1790837400,2026-10-01T12:20:00,72170.24,72189.23,72169.69,72187.24,43261
1790837460,2026-10-01T12:21:00,72188.01,72201.61,72176.55,72176.55,29650
1790837520,2026-10-01T12:22:00,72173.69,72176.91,72148.38,72149.81,33418
1790837580,2026-10-01T12:23:00,72142.66,72147.4,72106.6,72107.86,88929
1790837640,2026-10-01T12:24:00,72106.32,72130.12,72092.99,72117.73,160057
1790837700,2026-10-01T12:25:00,72119.95,72127.28,72104.77,72104.77,26576
1790837760,2026-10-01T12:26:00,72102.77,72112.7,72084.29,72109.07,79302
1790837820,2026-10-01T12:27:00,72106.94,72108.56,72072.84,72096.16,52697
1790837880,2026-10-01T12:28:00,72101.04,72101.04,72040.24,72042.33,200928
1790837940,2026-10-01T12:29:00,72048.26,72068.6,72018.68,72066.57,134213
1790838000,2026-10-01T12:30:00,72054.39,72054.39,72003.15,72039.89,81189
1790838060,2026-10-01T12:31:00,72043.71,72045.78,72026.76,72045.13,53168
1790838120,2026-10-01T12:32:00,72044.36,72104.74,72044.36,72104.74,101511
1790838180,2026-10-01T12:33:00,72105.03,72105.03,72075.56,72104.51,38958
1790838240,2026-10-01T12:34:00,72106.25,72115.67,72085.81,72088.61,53619
1790838300,2026-10-01T12:35:00,72081.56,72107.32,72072.66,72100.55,61791
1790838360,2026-10-01T12:36:00,72097.46,72100.76,72084.47,72095.37,30673
1790838420,2026-10-01T12:37:00,72095.77,72100.01,72081.36,72083.76,22480
1790838480,2026-10-01T12:38:00,72082.95,72090.87,72081.47,72086.41,10543
1790838540,2026-10-01T12:39:00,72085.61,72095.91,72077.64,72095.71,23356
1790838600,2026-10-01T12:40:00,72095.05,72100.81,72087.04,72097.97,17371
1790838660,2026-10-01T12:41:00,72093.83,72112.79,72070.29,72071.11,50543
1790838720,2026-10-01T12:42:00,72070.25,72079.71,72055.8,72056.05,47541
1790838780,2026-10-01T12:43:00,72060.16,72063.16,72027.43,72027.43,53104
1790838840,2026-10-01T12:44:00,72026.56,72030.34,71954.75,71957.25,83719
1790838900,2026-10-01T12:45:00,71964.42,71964.42,71915.62,71915.62,93215
1790838960,2026-10-01T12:46:00,71912.75,71913.93,71870.7,71898.14,129130
1790839020,2026-10-01T12:47:00,71899.94,71907.03,71837.87,71842.75,387451
1790839080,2026-10-01T12:48:00,71842.58,71888.4,71829.63,71861.69,73942
1790839140,2026-10-01T12:49:00,71864.75,71864.75,71777.69,71780.64,92111
1790839200,2026-10-01T12:50:00,71785.25,71792.65,71748.9,71760.22,102295
1790839260,2026-10-01T12:51:00,71764.27,71774.5,71741.08,71756.11,77745
1790839320,2026-10-01T12:52:00,71755.01,71764.38,71725.23,71725.54,81580
1790839380,2026-10-01T12:53:00,71719.38,71729.94,71706.82,71713.21,101742
1790839440,2026-10-01T12:54:00,71709.3,71709.3,71675.01,71695.18,103466
1790839500,2026-10-01T12:55:00,71699.37,71699.37,71637.17,71642.5,128706
1790839560,2026-10-01T12:56:00,71643.18,71659.63,71598.36,71602.38,61600
1790839620,2026-10-01T12:57:00,71602.21,71633.0,71590.79,71615.39,102977
1790839680,2026-10-01T12:58:00,71614.34,71621.15,71537.21,71540.01,107559
1790839740,2026-10-01T12:59:00,71535.2,71634.89,71527.98,71594.06,130146
1790839800,2026-10-01T13:00:00,71592.21,71630.36,71584.38,71627.52,78299
1790839860,2026-10-01T13:01:00,71627.21,71632.54,71617.77,71623.87,82249
1790839920,2026-10-01T13:02:00,71637.87,71709.49,71636.36,71708.17,599052
1790839980,2026-10-01T13:03:00,71710.82,71744.28,71702.29,71723.5,86954
1790840040,2026-10-01T13:04:00,71726.11,71767.06,71720.57,71761.67,108839
1790840100,2026-10-01T13:05:00,71762.84,71765.59,71736.88,71742.85,66623
1790840160,2026-10-01T13:06:00,71744.59,71744.59,71702.17,71721.3,50749
1790840220,2026-10-01T13:07:00,71723.43,71743.29,71698.26,71742.72,39649
1790840280,2026-10-01T13:08:00,71746.32,71801.45,71746.32,71795.39,91775
1790840340,2026-10-01T13:09:00,71791.55,71796.15,71755.14,71786.85,75161
1790840400,2026-10-01T13:10:00,71787.87,71787.87,71756.39,71756.39,39982
1790840460,2026-10-01T13:11:00,71763.38,71779.56,71751.66,71779.56,24758
1790840520,2026-10-01T13:12:00,71778.75,71787.82,71747.42,71758.4,71808
1790840580,2026-10-01T13:13:00,71758.48,71766.87,71744.05,71744.05,28078
1790840640,2026-10-01T13:14:00,71741.13,71769.85,71722.9,71746.89,93779
1790840700,2026-10-01T13:15:00,71748.45,71748.45,71699.42,71722.15,64899
1790840760,2026-10-01T13:16:00,71721.81,71723.75,71678.3,71685.89,59113
1790840820,2026-10-01T13:17:00,71688.44,71694.45,71668.59,71674.54,21764
1790840880,2026-10-01T13:18:00,71672.74,71673.43,71630.44,71630.44,74135
1790840940,2026-10-01T13:19:00,71626.27,71647.27,71619.8,71646.64,24120
1790841000,2026-10-01T13:20:00,71641.76,71662.83,71634.38,71659.35,18370
1790841060,2026-10-01T13:21:00,71660.99,71680.56,71659.34,71663.3,120612
1790841120,2026-10-01T13:22:00,71660.66,71660.66,71612.44,71614.07,56908
1790841180,2026-10-01T13:23:00,71613.56,71635.88,71605.57,71635.88,27640
1790841240,2026-10-01T13:24:00,71634.44,71636.78,71613.86,71615.87,23505
1790841300,2026-10-01T13:25:00,71613.85,71637.46,71613.85,71637.46,26832
1790841360,2026-10-01T13:26:00,71645.61,71663.96,71631.13,71633.5,34602
1790841420,2026-10-01T13:27:00,71632.49,71633.4,71604.41,71633.4,15715
1790841480,2026-10-01T13:28:00,71633.38,71649.48,71628.24,71630.9,26941
1790841540,2026-10-01T13:29:00,71628.97,71633.07,71600.77,71602.09,24640
1790841600,2026-10-01T13:30:00,71600.0,71615.82,71578.38,71615.82,103476
1790841660,2026-10-01T13:31:00,71613.93,71655.63,71612.04,71617.76,58268
1790841720,2026-10-01T13:32:00,71612.88,71650.45,71612.88,71636.99,17689
1790841780,2026-10-01T13:33:00,71636.5,71702.32,71633.08,71702.32,48775
1790841840,2026-10-01T13:34:00,71708.21,71743.59,71691.39,71712.21,78457
1790841900,2026-10-01T13:35:00,71712.56,71738.54,71696.06,71696.74,35495
1790841960,2026-10-01T13:36:00,71696.75,71699.59,71653.33,71656.15,39096
1790842020,2026-10-01T13:37:00,71657.95,71669.92,71641.01,71669.31,43543
1790842080,2026-10-01T13:38:00,71671.32,71681.03,71649.52,71665.09,49695
1790842140,2026-10-01T13:39:00,71664.87,71666.35,71648.1,71655.1,38324
1790842200,2026-10-01T13:40:00,71653.84,71671.54,71639.3,71639.3,550120
1790842260,2026-10-01T13:41:00,71639.22,71639.71,71565.03,71573.27,36972
1790842320,2026-10-01T13:42:00,71568.07,71568.07,71520.98,71521.88,51641
1790842380,2026-10-01T13:43:00,71522.33,71533.19,71467.45,71473.14,257792
1790842440,2026-10-01T13:44:00,71475.8,71533.25,71475.8,71533.25,65174
1790842500,2026-10-01T13:45:00,71533.56,71543.23,71511.05,71526.66,53893
1790842560,2026-10-01T13:46:00,71522.63,71563.69,71520.67,71563.5,61358
1790842620,2026-10-01T13:47:00,71559.52,71559.52,71511.39,71511.8,65259
1790842680,2026-10-01T13:48:00,71509.2,71535.4,71502.56,71530.8,49387
1790842740,2026-10-01T13:49:00,71532.02,71532.02,71489.89,71501.6,34374
1790842800,2026-10-01T13:50:00,71498.21,71515.33,71483.9,71501.05,32702
1790842860,2026-10-01T13:51:00,71501.51,71519.24,71482.85,71507.28,65382
1790842920,2026-10-01T13:52:00,71502.68,71507.21,71459.25,71495.65,108968
1790842980,2026-10-01T13:53:00,71492.07,71506.46,71488.15,71493.68,106209
1790843040,2026-10-01T13:54:00,71488.89,71507.13,71479.45,71494.18,141259
1790843100,2026-10-01T13:55:00,71494.13,71511.62,71477.73,71494.05,48018
1790843160,2026-10-01T13:56:00,71495.01,71495.01,71464.38,71464.8,35982
1790843220,2026-10-01T13:57:00,71464.13,71480.96,71462.52,71478.78,32360
1790843280,2026-10-01T13:58:00,71480.32,71482.5,71413.29,71427.03,60996
1790843340,2026-10-01T13:59:00,71424.26,71430.25,71392.58,71392.9,79609
1790843400,2026-10-01T14:00:00,71389.62,71406.43,71355.19,71373.94,86551
1790843460,2026-10-01T14:01:00,71368.34,71381.1,71339.76,71344.14,55580
1790843520,2026-10-01T14:02:00,71343.58,71345.44,71318.31,71325.53,86371
1790843580,2026-10-01T14:03:00,71330.26,71338.05,71305.81,71314.46,88154
1790843640,2026-10-01T14:04:00,71315.03,71329.71,71304.72,71307.21,86669
1790843700,2026-10-01T14:05:00,71308.49,71355.94,71292.88,71346.47,86991
1790843760,2026-10-01T14:06:00,71348.99,71362.07,71330.91,71362.07,87146
1790843820,2026-10-01T14:07:00,71362.4,71452.62,71362.4,71431.96,90458
1790843880,2026-10-01T14:08:00,71433.97,71448.01,71405.8,71436.61,126257
1790843940,2026-10-01T14:09:00,71440.63,71491.84,71440.63,71466.74,95949
1790844000,2026-10-01T14:10:00,71464.7,71481.77,71458.76,71480.21,71144
1790844060,2026-10-01T14:11:00,71479.38,71490.96,71465.15,71472.05,78314
1790844120,2026-10-01T14:12:00,71477.0,71479.17,71463.41,71478.75,47750
1790844180,2026-10-01T14:13:00,71479.86,71508.16,71474.97,71488.47,40828
1790844240,2026-10-01T14:14:00,71493.56,71571.02,71493.56,71553.31,71325
1790844300,2026-10-01T14:15:00,71552.18,71552.18,71481.66,71485.43,64981
1790844360,2026-10-01T14:16:00,71480.33,71481.88,71452.1,71471.05,46842
1790844420,2026-10-01T14:17:00,71469.88,71471.04,71449.18,71463.99,26157
1790844480,2026-10-01T14:18:00,71469.63,71480.73,71466.07,71469.08,39293
1790844540,2026-10-01T14:19:00,71467.64,71481.39,71453.82,71453.82,47450
1790844600,2026-10-01T14:20:00,71464.63,71499.93,71462.69,71491.83,34332
1790844660,2026-10-01T14:21:00,71487.48,71491.93,71465.23,71491.93,29172
1790844720,2026-10-01T14:22:00,71491.98,71514.29,71490.27,71512.82,20398
1790844780,2026-10-01T14:23:00,71513.38,71514.23,71486.49,71496.07,33536
1790844840,2026-10-01T14:24:00,71492.42,71502.85,71480.18,71480.18,18599
1790844900,2026-10-01T14:25:00,71478.36,71509.61,71471.35,71505.08,45665
1790844960,2026-10-01T14:26:00,71506.47,71553.61,71506.47,71551.65,57360
1790845020,2026-10-01T14:27:00,71553.16,71602.86,71553.16,71571.22,71619
1790845080,2026-10-01T14:28:00,71561.88,71566.66,71520.42,71522.84,43066
1790845140,2026-10-01T14:29:00,71525.8,71580.5,71525.8,71580.5,30032
1790845200,2026-10-01T14:30:00,71578.8,71650.15,71574.62,71650.15,93927
1790845260,2026-10-01T14:31:00,71654.83,71687.3,71649.75,71685.48,60668
1790845320,2026-10-01T14:32:00,71684.21,71687.96,71631.6,71650.91,39630
1790845380,2026-10-01T14:33:00,71658.47,71736.02,71626.92,71732.79,80995
1790845440,2026-10-01T14:34:00,71741.97,71776.37,71741.18,71749.29,55819
1790845500,2026-10-01T14:35:00,71746.06,71762.2,71692.09,71757.82,135847
1790845560,2026-10-01T14:36:00,71762.69,71768.33,71744.29,71757.73,64449
1790845620,2026-10-01T14:37:00,71759.68,71799.16,71755.34,71794.34,170647
1790845680,2026-10-01T14:38:00,71788.31,71801.38,71755.33,71764.91,65755
1790845740,2026-10-01T14:39:00,71764.65,71774.07,71697.23,71712.9,78738
1790845800,2026-10-01T14:40:00,71712.51,71752.1,71712.51,71742.78,98465
1790845860,2026-10-01T14:41:00,71740.86,71763.35,71731.43,71756.04,65573
1790845920,2026-10-01T14:42:00,71748.52,71751.74,71697.63,71739.05,75213
1790845980,2026-10-01T14:43:00,71741.3,71745.13,71726.75,71741.29,48866
1790846040,2026-10-01T14:44:00,71740.95,71745.84,71720.1,71745.84,52056
1790846100,2026-10-01T14:45:00,71746.37,71757.75,71728.82,71739.61,41633
1790846160,2026-10-01T14:46:00,71737.73,71742.56,71732.76,71732.9,48217
1790846220,2026-10-01T14:47:00,71727.16,71753.72,71715.65,71747.27,48684
1790846280,2026-10-01T14:48:00,71749.37,71766.54,71743.52,71744.12,44698
1790846340,2026-10-01T14:49:00,71745.34,71760.18,71737.2,71745.89,43561
1790846400,2026-10-01T14:50:00,71744.62,71816.25,71744.09,71816.25,58811
1790846460,2026-10-01T14:51:00,71819.47,71827.71,71764.87,71820.01,82047
1790846520,2026-10-01T14:52:00,71817.75,71831.37,71807.06,71827.16,51162
1790846580,2026-10-01T14:53:00,71829.16,71876.38,71829.16,71873.0,69384
1790846640,2026-10-01T14:54:00,71877.78,71900.58,71875.8,71890.78,74961
1790846700,2026-10-01T14:55:00,71891.07,71911.97,71877.94,71904.89,457496
1790846760,2026-10-01T14:56:00,71903.83,71926.74,71886.59,71913.5,51949
1790846820,2026-10-01T14:57:00,71914.79,71925.93,71892.35,71895.34,36978
1790846880,2026-10-01T14:58:00,71894.93,71912.52,71894.01,71895.83,58598
1790846940,2026-10-01T14:59:00,71899.22,71900.8,71867.12,71875.29,85027
1790847000,2026-10-01T15:00:00,71871.38,71872.3,71855.62,71861.82,56712
1790847060,2026-10-01T15:01:00,71856.89,71876.78,71848.2,71854.94,87958
1790847120,2026-10-01T15:02:00,71846.39,71847.66,71815.28,71828.39,75156
1790847180,2026-10-01T15:03:00,71829.78,71853.59,71829.78,71846.71,43675
1790847240,2026-10-01T15:04:00,71848.31,71855.52,71822.48,71841.28,77970
1790847300,2026-10-01T15:05:00,71853.72,71956.38,71847.13,71955.18,167149
1790847360,2026-10-01T15:06:00,71953.74,71992.67,71946.94,71971.34,800551
1790847420,2026-10-01T15:07:00,71964.33,71972.76,71947.03,71952.77,133261
1790847480,2026-10-01T15:08:00,71958.25,71965.15,71932.52,71935.58,82543
1790847540,2026-10-01T15:09:00,71932.68,71946.94,71901.84,71934.86,95294
1790847600,2026-10-01T15:10:00,71939.21,71981.94,71939.07,71980.11,98345
1790847660,2026-10-01T15:11:00,71973.03,72003.23,71969.4,71986.16,131199
1790847720,2026-10-01T15:12:00,72002.58,72010.62,71960.57,71983.33,82503
1790847780,2026-10-01T15:13:00,71980.98,71983.74,71921.81,71927.36,77880
1790847840,2026-10-01T15:14:00,71926.39,72016.0,71917.78,72008.68,90331
1790847900,2026-10-01T15:15:00,72010.13,72010.13,72010.13,72010.13,90331
1790847960,2026-10-01T15:16:00,72010.13,72010.13,72010.13,72010.13,90331
1790848020,2026-10-01T15:17:00,72010.13,72010.13,72010.13,72010.13,90331
1790848080,2026-10-01T15:18:00,72010.13,72010.13,72010.13,72010.13,90331
1790848140,2026-10-01T15:19:00,72010.13,72010.13,72010.13,72010.13,90331
1790848200,2026-10-01T15:20:00,72010.13,72010.13,72010.13,72010.13,90331
1790848260,2026-10-01T15:21:00,72010.13,72010.13,72010.13,72010.13,90331
1790848320,2026-10-01T15:22:00,72010.13,72010.13,72010.13,72010.13,90331
1790848380,2026-10-01T15:23:00,72010.13,72010.13,72010.13,72010.13,90331
1790848440,2026-10-01T15:24:00,72010.13,72010.13,72010.13,72010.13,90331
1790848500,2026-10-01T15:25:00,72010.13,72010.13,72010.13,72010.13,90331
1790848560,2026-10-01T15:26:00,72010.13,72010.13,72010.13,72010.13,90331
1790848620,2026-10-01T15:27:00,72010.13,72010.13,72010.13,72010.13,90331
1790848680,2026-10-01T15:28:00,72010.13,72010.13,71909.7,71909.7,90331
1790848740,2026-10-01T15:29:00,71909.7,71909.7,71909.7,71909.7,90331
1791171900,2026-10-05T09:15:00,72340.95,72383.79,72171.93,72328.8,350286
1791171960,2026-10-05T09:16:00,72329.38,72358.79,72266.86,72323.56,263920
1791172020,2026-10-05T09:17:00,72332.08,72402.27,72328.86,72390.3,173286
1791172080,2026-10-05T09:18:00,72390.23,72393.44,72327.61,72379.29,189266
1791172140,2026-10-05T09:19:00,72379.68,72379.68,72309.01,72359.79,204341
1791172200,2026-10-05T09:20:00,72358.38,72371.23,72319.09,72332.36,139318
1791172260,2026-10-05T09:21:00,72316.62,72325.58,72235.58,72260.46,77941
1791172320,2026-10-05T09:22:00,72269.57,72298.98,72243.96,72290.85,114544
1791172380,2026-10-05T09:23:00,72291.16,72331.59,72289.15,72327.81,63431
1791172440,2026-10-05T09:24:00,72322.4,72350.57,72307.84,72347.23,67420
1791172500,2026-10-05T09:25:00,72348.38,72382.64,72342.72,72344.25,75501
1791172560,2026-10-05T09:26:00,72346.7,72355.73,72307.59,72353.18,66652
1791172620,2026-10-05T09:27:00,72355.23,72390.34,72353.38,72389.85,151483
1791172680,2026-10-05T09:28:00,72394.23,72419.03,72391.24,72406.8,66056
1791172740,2026-10-05T09:29:00,72407.37,72431.05,72390.28,72428.32,47536
1791172800,2026-10-05T09:30:00,72427.57,72478.07,72427.57,72471.37,65836
1791172860,2026-10-05T09:31:00,72469.42,72475.55,72450.73,72464.6,71109
1791172920,2026-10-05T09:32:00,72464.8,72523.9,72461.05,72506.1,68871
1791172980,2026-10-05T09:33:00,72508.52,72518.78,72477.14,72497.03,67697
1791173040,2026-10-05T09:34:00,72492.33,72534.16,72489.77,72517.05,59943
1791173100,2026-10-05T09:35:00,72515.37,72517.86,72473.2,72480.24,51605
1791173160,2026-10-05T09:36:00,72478.25,72500.12,72457.95,72495.86,55139
1791173220,2026-10-05T09:37:00,72498,72500,72436.94,72437.89,52585
1791173280,2026-10-05T09:38:00,72443.1,72478.71,72429.76,72456.9,68389
1791173340,2026-10-05T09:39:00,72453.87,72504.1,72453.87,72504.1,63117
1791173400,2026-10-05T09:40:00,72508.89,72511.38,72465.15,72472.65,44254
1791173460,2026-10-05T09:41:00,72461.29,72513.77,72459.6,72509.73,55418
1791173520,2026-10-05T09:42:00,72519.13,72519.3,72482.47,72483.58,47878
1791173580,2026-10-05T09:43:00,72488.4,72498.23,72483.15,72497.88,44664
1791173640,2026-10-05T09:44:00,72498.47,72499.83,72474.14,72496.96,138936
1791173700,2026-10-05T09:45:00,72496.32,72540.18,72495.47,72539.88,188353
1791173760,2026-10-05T09:46:00,72539.35,72587,72538.79,72584.22,49237
1791173820,2026-10-05T09:47:00,72580.8,72605.01,72578.12,72600.33,52689
1791173880,2026-10-05T09:48:00,72598.13,72602.8,72574.32,72602.8,21586
1791173940,2026-10-05T09:49:00,72600.6,72612.83,72592.99,72605.33,38609
1791174000,2026-10-05T09:50:00,72602.83,72631.93,72602.05,72623.56,59230
1791174060,2026-10-05T09:51:00,72626.32,72626.87,72606.39,72613.77,38001
1791174120,2026-10-05T09:52:00,72612.47,72612.47,72591.34,72599.82,44865
1791174180,2026-10-05T09:53:00,72593.33,72596.44,72582.04,72586.09,54786
1791174240,2026-10-05T09:54:00,72586.02,72587.45,72553.63,72565.45,578304
1791174300,2026-10-05T09:55:00,72565.45,72601.99,72565.45,72595.54,63452
1791174360,2026-10-05T09:56:00,72596.8,72606.84,72584.25,72601.75,45801
1791174420,2026-10-05T09:57:00,72602.21,72602.21,72553.52,72553.69,44451
1791174480,2026-10-05T09:58:00,72549.37,72565.81,72511.11,72511.11,1129263
1791174540,2026-10-05T09:59:00,72508.93,72508.93,72445.09,72445.09,97643
1791174600,2026-10-05T10:00:00,72442.52,72454.06,72423.89,72429.5,21272
1791174660,2026-10-05T10:01:00,72429.87,72455.52,72391.64,72398.37,47621
1791174720,2026-10-05T10:02:00,72399.04,72416.78,72394.26,72400.97,37692
1791174780,2026-10-05T10:03:00,72399.86,72431.27,72399.86,72417.38,41846
1791174840,2026-10-05T10:04:00,72422.08,72422.08,72380.02,72382.33,26519
1791174900,2026-10-05T10:05:00,72385.49,72385.49,72323.66,72323.66,41624
1791174960,2026-10-05T10:06:00,72320.62,72372.34,72320.62,72372.34,59708
1791175020,2026-10-05T10:07:00,72375.05,72393.93,72367.73,72386.06,47221
1791175080,2026-10-05T10:08:00,72385.71,72385.71,72363.11,72375.17,437297
1791175140,2026-10-05T10:09:00,72375.59,72406.82,72372.74,72404.3,46374
1791175200,2026-10-05T10:10:00,72410.46,72416.22,72390.01,72394.92,32031
1791175260,2026-10-05T10:11:00,72393.53,72395.82,72374.73,72383.1,26710
1791175320,2026-10-05T10:12:00,72387.42,72397.83,72369.71,72374.41,49957
1791175380,2026-10-05T10:13:00,72381.98,72399.27,72377.17,72396.14,26664
1791175440,2026-10-05T10:14:00,72393.77,72399.27,72341.82,72357.12,32645
1791175500,2026-10-05T10:15:00,72351.61,72358.61,72326.05,72328.23,132914
1791175560,2026-10-05T10:16:00,72329.07,72361.02,72329.07,72361.02,20268
1791175620,2026-10-05T10:17:00,72362.97,72411.24,72360.39,72386,49643
1791175680,2026-10-05T10:18:00,72385.54,72387.5,72374.06,72374.06,22558
1791175740,2026-10-05T10:19:00,72375.5,72385.67,72367.82,72381.46,11772
1791175800,2026-10-05T10:20:00,72382.73,72386.05,72358.81,72364.3,21080
1791175860,2026-10-05T10:21:00,72364.8,72364.8,72321.9,72322.95,35311
1791175920,2026-10-05T10:22:00,72321.84,72326.25,72274.42,72276.2,24696
1791175980,2026-10-05T10:23:00,72275.44,72301.79,72273.09,72299.65,18831
1791176040,2026-10-05T10:24:00,72306.6,72306.6,72227.2,72227.2,22837
1791176100,2026-10-05T10:25:00,72227.91,72228.8,72169.07,72180.49,29057
1791176160,2026-10-05T10:26:00,72175.55,72176.13,72141.26,72174.88,26760
1791176220,2026-10-05T10:27:00,72169.55,72194.59,72134.57,72194.59,33333
1791176280,2026-10-05T10:28:00,72199.7,72273.69,72199.7,72256.88,25314
1791176340,2026-10-05T10:29:00,72259.26,72270.9,72241.96,72256.3,30963
1791176400,2026-10-05T10:30:00,72256.34,72271.73,72250.91,72260.3,3717155
1791176460,2026-10-05T10:31:00,72263.57,72282.44,72262.22,72280.99,874190
1791176520,2026-10-05T10:32:00,72280.99,72298.07,72272.59,72287.32,840376
1791176580,2026-10-05T10:33:00,72281.15,72297.67,72279.86,72292.02,22043
1791176640,2026-10-05T10:34:00,72293.06,72304.69,72289.78,72301.95,42779
1791176700,2026-10-05T10:35:00,72297.87,72300.55,72215.88,72233.01,26444
1791176760,2026-10-05T10:36:00,72232.24,72238.54,72208.24,72238.54,16937
1791176820,2026-10-05T10:37:00,72236.06,72242.21,72215.95,72217.17,19349
1791176880,2026-10-05T10:38:00,72215.02,72215.02,72161.99,72161.99,22132
1791176940,2026-10-05T10:39:00,72163.06,72163.3,72113.46,72113.46,23752
1791177000,2026-10-05T10:40:00,72113.46,72155.7,72098.84,72142.15,18951
1791177060,2026-10-05T10:41:00,72142.32,72152.33,72125.72,72148.33,27829
1791177120,2026-10-05T10:42:00,72147.36,72171.83,72147.36,72162.87,9743
1791177180,2026-10-05T10:43:00,72164.15,72179.42,72155.69,72160.22,19575
1791177240,2026-10-05T10:44:00,72158.38,72161.39,72146.17,72151.16,24843
1791177300,2026-10-05T10:45:00,72148.07,72154.49,72143.24,72149.11,20888
1791177360,2026-10-05T10:46:00,72145.21,72148.4,72117.17,72120.36,49344
1791177420,2026-10-05T10:47:00,72119.58,72141.8,72113.42,72129.18,15011
1791177480,2026-10-05T10:48:00,72131.31,72146.82,72131.31,72146.82,9279
1791177540,2026-10-05T10:49:00,72147.15,72153.3,72140.4,72144.04,17253
1791177600,2026-10-05T10:50:00,72146.46,72158.17,72139.02,72140.73,57258
1791177660,2026-10-05T10:51:00,72141.26,72155.68,72134.04,72148.19,19957
1791177720,2026-10-05T10:52:00,72147.56,72151.46,72111.14,72121.82,65824
1791177780,2026-10-05T10:53:00,72123.16,72130.22,72113.68,72115.25,17877
1791177840,2026-10-05T10:54:00,72113.47,72127.2,72096.77,72099.86,34718
1791177900,2026-10-05T10:55:00,72093.2,72093.2,72052.11,72080.35,52805
1791177960,2026-10-05T10:56:00,72080.18,72141.17,72080.18,72137.28,5110966
1791178020,2026-10-05T10:57:00,72138.33,72174.13,72137.68,72166.14,100958
1791178080,2026-10-05T10:58:00,72164.94,72184.22,72161.97,72174.54,119191
1791178140,2026-10-05T10:59:00,72173.82,72212.77,72173.82,72179.96,89767
1791178200,2026-10-05T11:00:00,72182.5,72204.68,72177.11,72203.76,31335
1791178260,2026-10-05T11:01:00,72201.12,72201.12,72184.44,72192.56,19850
1791178320,2026-10-05T11:02:00,72196.24,72196.24,72172.29,72189.75,16362
1791178380,2026-10-05T11:03:00,72193.25,72201.43,72169.75,72180.11,15871
1791178440,2026-10-05T11:04:00,72177.66,72178.1,72156.92,72160.33,15827
1791178500,2026-10-05T11:05:00,72159.81,72169.34,72155.38,72158.65,82609
1791178560,2026-10-05T11:06:00,72158.64,72160.47,72140.69,72153.59,53652
1791178620,2026-10-05T11:07:00,72150.67,72175.07,72150.67,72164.91,42255
1791178680,2026-10-05T11:08:00,72162.67,72168.37,72138.25,72142.83,16443
1791178740,2026-10-05T11:09:00,72140.9,72147.39,72126.96,72145.42,14281
1791178800,2026-10-05T11:10:00,72148.22,72168.94,72147.92,72161.08,15226
1791178860,2026-10-05T11:11:00,72160.77,72162.48,72137.54,72147.82,53745
1791178920,2026-10-05T11:12:00,72150.58,72150.58,72134.03,72147.18,46680
1791178980,2026-10-05T11:13:00,72149.63,72176.62,72149.63,72167.72,18185
1791179040,2026-10-05T11:14:00,72169.16,72169.16,72120.15,72120.15,19015
1791179100,2026-10-05T11:15:00,72124.38,72133.63,72115.49,72124.36,105893
1791179160,2026-10-05T11:16:00,72119.28,72119.28,72090.95,72097.97,13912
1791179220,2026-10-05T11:17:00,72097.35,72100.21,72082.99,72092.34,18343
1791179280,2026-10-05T11:18:00,72091.84,72144.67,72080.87,72144.34,27279
1791179340,2026-10-05T11:19:00,72145.53,72146.13,72120.32,72122.81,19936
1791179400,2026-10-05T11:20:00,72121.11,72158.94,72116.49,72155.59,14193
1791179460,2026-10-05T11:21:00,72153.88,72154.71,72122.73,72141.68,28540
1791179520,2026-10-05T11:22:00,72135.25,72135.25,72106.21,72106.21,48174
1791179580,2026-10-05T11:23:00,72109.63,72109.63,72023.84,72034.15,105291
1791179640,2026-10-05T11:24:00,72036.08,72082.19,72036.08,72081.19,15876
1791179700,2026-10-05T11:25:00,72081.83,72114.84,72076.69,72112.52,22159
1791179760,2026-10-05T11:26:00,72109.96,72110.09,72085.76,72087.81,11110
1791179820,2026-10-05T11:27:00,72087.81,72097.72,72080.01,72093.54,13448
1791179880,2026-10-05T11:28:00,72093.39,72115.89,72081.61,72106.9,18967
1791179940,2026-10-05T11:29:00,72113.54,72158.79,72104.15,72158.09,17460
1791180000,2026-10-05T11:30:00,72157.3,72178.87,72150,72172.13,19182
1791180060,2026-10-05T11:31:00,72175.51,72182.47,72159.5,72182.47,15415
1791180120,2026-10-05T11:32:00,72184.52,72222.94,72181.02,72221.42,19207
1791180180,2026-10-05T11:33:00,72218.35,72254.41,72216.17,72249.38,29703
1791180240,2026-10-05T11:34:00,72239.12,72239.12,72217.88,72217.88,24158
1791180300,2026-10-05T11:35:00,72217.66,72217.66,72179.94,72183.45,28767
1791180360,2026-10-05T11:36:00,72179.22,72179.22,72147.95,72149.38,15560
1791180420,2026-10-05T11:37:00,72146.74,72155.9,72139.7,72148.42,8249
1791180480,2026-10-05T11:38:00,72147.51,72147.51,72131.98,72132.34,514203
1791180540,2026-10-05T11:39:00,72130.73,72130.73,72096.82,72103.95,51109
1791180600,2026-10-05T11:40:00,72104.65,72104.93,72086.31,72101.63,26017
1791180660,2026-10-05T11:41:00,72101.93,72142.56,72101.93,72137.9,197211
1791180720,2026-10-05T11:42:00,72137.67,72145.54,72110.02,72114.55,18631
1791180780,2026-10-05T11:43:00,72113.5,72113.84,72096.4,72096.83,78752
1791180840,2026-10-05T11:44:00,72096.21,72099.17,72081.48,72081.48,575218
1791180900,2026-10-05T11:45:00,72079.62,72080.07,72043.94,72051.74,80017
1791180960,2026-10-05T11:46:00,72050.13,72072.57,72039.4,72072.57,67994
1791181020,2026-10-05T11:47:00,72073.65,72080.4,72056.64,72056.66,9322
1791181080,2026-10-05T11:48:00,72055.66,72060.07,72042.49,72052.76,10088
1791181140,2026-10-05T11:49:00,72047.25,72054.85,72039.94,72041.69,15866
1791181200,2026-10-05T11:50:00,72040.95,72044.53,71990.53,72011.81,27338
1791181260,2026-10-05T11:51:00,72011.85,72028.68,71995.93,71996.42,21769
1791181320,2026-10-05T11:52:00,71996.25,72009.62,71986.33,72006.15,16949
1791181380,2026-10-05T11:53:00,72012.56,72060.4,72012.26,72058.51,15085
1791181440,2026-10-05T11:54:00,72058.81,72076.89,72052.8,72055.83,8318
1791181500,2026-10-05T11:55:00,72049.98,72073.44,72041.3,72068.52,21959
1791181560,2026-10-05T11:56:00,72067.4,72067.4,72049.42,72051.56,25416
1791181620,2026-10-05T11:57:00,72052.55,72067.92,72043.68,72051.85,12425
1791181680,2026-10-05T11:58:00,72051.73,72065.83,72011.35,72011.35,13708
1791181740,2026-10-05T11:59:00,72011.18,72011.18,71957.01,71960.21,21327
1791181800,2026-10-05T12:00:00,71958.98,71960.57,71894.93,71900.38,19624
1791181860,2026-10-05T12:01:00,71900.38,71915.22,71894.49,71899.14,114781
1791181920,2026-10-05T12:02:00,71904.18,71953.79,71904.18,71951.91,97698
1791181980,2026-10-05T12:03:00,71952.73,71978.03,71952.73,71973.7,866919
1791182040,2026-10-05T12:04:00,71976.3,72003.74,71974.16,72003.74,9561
1791182100,2026-10-05T12:05:00,72004.85,72005.05,71955.35,71956.7,24668
1791182160,2026-10-05T12:06:00,71956.14,71956.27,71918.7,71919.76,12077
1791182220,2026-10-05T12:07:00,71918.18,71918.18,71851.57,71875.44,35797
1791182280,2026-10-05T12:08:00,71877.7,71883.33,71840.18,71846.05,19232
1791182340,2026-10-05T12:09:00,71849.27,71876.89,71845.83,71876.89,16515
1791182400,2026-10-05T12:10:00,71877.49,71901.77,71874.58,71900.21,13316
1791182460,2026-10-05T12:11:00,71900.39,71926.56,71900.16,71916.1,12703
1791182520,2026-10-05T12:12:00,71916.62,71935.78,71914.47,71914.47,12689
1791182580,2026-10-05T12:13:00,71912.69,71912.69,71887.22,71888,26564
1791182640,2026-10-05T12:14:00,71890.58,71899.4,71886.9,71896.97,11417
1791182700,2026-10-05T12:15:00,71899.29,71928.66,71890.38,71926.61,19371
1791182760,2026-10-05T12:16:00,71926.21,71931.49,71923.56,71925.16,21987
1791182820,2026-10-05T12:17:00,71922.24,71936.87,71916.75,71935.24,23878
1791182880,2026-10-05T12:18:00,71932.9,71949.42,71929.69,71939.22,17589
1791182940,2026-10-05T12:19:00,71937.96,71944.9,71931.19,71934.38,20182
1791183000,2026-10-05T12:20:00,71936.15,71959.33,71934.74,71954.03,9643
1791183060,2026-10-05T12:21:00,71954.08,71961.04,71943.56,71949.35,90281
1791183120,2026-10-05T12:22:00,71949.56,71973.18,71948.76,71971.6,209197
1791183180,2026-10-05T12:23:00,71970.71,71995.77,71970.71,71989.66,49404
1791183240,2026-10-05T12:24:00,71987.89,72012.3,71964.93,71966.01,19775
1791183300,2026-10-05T12:25:00,71965.56,71988.87,71961.42,71986.53,19922
1791183360,2026-10-05T12:26:00,71986.89,71992.83,71964.05,71964.05,15335
1791183420,2026-10-05T12:27:00,71962.93,71973.08,71943.97,71973.08,613261
1791183480,2026-10-05T12:28:00,71971.86,71997.78,71968.14,71993.53,24393
1791183540,2026-10-05T12:29:00,71992.12,72024.15,71989.35,72021.43,66896
1791183600,2026-10-05T12:30:00,72023.24,72029.72,72000.39,72027.76,19167
1791183660,2026-10-05T12:31:00,72022.94,72025.93,71985.41,71985.41,12365
1791183720,2026-10-05T12:32:00,71985.88,71996.36,71979.2,71994.45,12833
1791183780,2026-10-05T12:33:00,71994.45,72000.08,71987.29,71992.99,11886
1791183840,2026-10-05T12:34:00,71990.59,71990.59,71971.82,71971.82,10128
1791183900,2026-10-05T12:35:00,71974.29,71998.62,71963.67,71997.8,11113
1791183960,2026-10-05T12:36:00,71996.92,72004.47,71988.9,71995.89,160244
1791184020,2026-10-05T12:37:00,71995.87,71995.87,71977.55,71977.55,31751
1791184080,2026-10-05T12:38:00,71981.2,71997.05,71978.38,71979.69,27771
1791184140,2026-10-05T12:39:00,71979.69,71982.45,71968.58,71978.5,17202
1791184200,2026-10-05T12:40:00,71978.35,71999.99,71969.25,71995.26,20137
1791184260,2026-10-05T12:41:00,71995.72,72000.81,71988.58,71997.61,20569
1791184320,2026-10-05T12:42:00,71998.43,72017.47,71996.01,72012.08,147407
1791184380,2026-10-05T12:43:00,72013.57,72026.1,72013.57,72016.54,19554
1791184440,2026-10-05T12:44:00,72017.16,72017.36,72007.33,72009.34,14537
1791184500,2026-10-05T12:45:00,72008.7,72011.87,72005.2,72005.2,4390
1791184560,2026-10-05T12:46:00,72006.09,72044.52,72006.09,72041.51,19389
1791184620,2026-10-05T12:47:00,72043.48,72067.02,72037.59,72062.4,27271
1791184680,2026-10-05T12:48:00,72057.96,72078.29,72054.14,72077.39,31177
1791184740,2026-10-05T12:49:00,72077.51,72077.51,72041.15,72043.53,15257
1791184800,2026-10-05T12:50:00,72042.78,72065.15,72038.08,72065.15,15258
1791184860,2026-10-05T12:51:00,72064.72,72092.78,72063.6,72081.72,12430
1791184920,2026-10-05T12:52:00,72080.02,72081.17,72029.5,72029.5,30407
1791184980,2026-10-05T12:53:00,72026.69,72030.69,72003.25,72003.25,5086
1791185040,2026-10-05T12:54:00,72002.73,72002.73,71956.15,71967.65,17726
1791185100,2026-10-05T12:55:00,71962.72,71994.46,71960.95,71990.27,7264
1791185160,2026-10-05T12:56:00,71990.27,72002.69,71967.76,71978.42,14528
1791185220,2026-10-05T12:57:00,71979.29,72032.25,71979.29,72019.8,11004
1791185280,2026-10-05T12:58:00,72019.71,72034.72,72005.82,72005.82,18144
1791185340,2026-10-05T12:59:00,72005.32,72005.32,71992.89,71994.3,7879
1791185400,2026-10-05T13:00:00,71994.47,72006.42,71975.18,71975.99,6268
1791185460,2026-10-05T13:01:00,71977.47,72001.62,71973.89,71993.87,8234
1791185520,2026-10-05T13:02:00,71991.75,72006.61,71985.18,72006.61,12025
1791185580,2026-10-05T13:03:00,72007.97,72019.93,72004.41,72004.41,162224
1791185640,2026-10-05T13:04:00,72004.91,72020.16,72004.55,72015.39,75237
1791185700,2026-10-05T13:05:00,72015.39,72044.74,72012.67,72043.93,30754
1791185760,2026-10-05T13:06:00,72040.56,72041.37,72017.92,72040.82,22310
1791185820,2026-10-05T13:07:00,72040.27,72059.93,72029.59,72030.17,39475
1791185880,2026-10-05T13:08:00,72031.54,72031.54,72016.53,72023.38,4707
1791185940,2026-10-05T13:09:00,72024.54,72031.42,72010.34,72014.07,78971
1791186000,2026-10-05T13:10:00,72012.95,72023.99,72010.82,72023.99,9463
1791186060,2026-10-05T13:11:00,72023.36,72060.19,72022.72,72048.53,7877
1791186120,2026-10-05T13:12:00,72048.99,72050.15,72015,72017.44,8760
1791186180,2026-10-05T13:13:00,72019.35,72027.13,72012.65,72021.63,12649
1791186240,2026-10-05T13:14:00,72021.76,72048.9,72021.56,72048.9,15335
1791186300,2026-10-05T13:15:00,72050.5,72082.94,72049.94,72075.12,11337
1791186360,2026-10-05T13:16:00,72074.24,72074.24,72054.69,72054.94,15244
1791186420,2026-10-05T13:17:00,72049.07,72050.63,72035.05,72044.69,5026578
1791186480,2026-10-05T13:18:00,72044.7,72075.03,72044.09,72075.03,17157
1791186540,2026-10-05T13:19:00,72075.34,72095.41,72074.47,72095.41,9535
1791186600,2026-10-05T13:20:00,72095.41,72098.19,72070.59,72073.15,7805
1791186660,2026-10-05T13:21:00,72074.34,72075.64,72054.59,72075.64,15313
1791186720,2026-10-05T13:22:00,72079.49,72100.43,72079.49,72091.25,11066
1791186780,2026-10-05T13:23:00,72092.83,72097.77,72076.05,72078.38,20381
1791186840,2026-10-05T13:24:00,72078.38,72078.55,72060.88,72060.88,10074
1791186900,2026-10-05T13:25:00,72058.32,72061.33,72046.35,72050.98,5143
1791186960,2026-10-05T13:26:00,72050.98,72055.58,72025.92,72027.55,18809
1791187020,2026-10-05T13:27:00,72027.55,72027.55,72012.43,72012.93,8386
1791187080,2026-10-05T13:28:00,72014.53,72042.26,72010.55,72042.26,10388
1791187140,2026-10-05T13:29:00,72041.63,72050.98,72039.41,72050.82,18914
1791187200,2026-10-05T13:30:00,72052.75,72059.88,72049.3,72054.44,42149
1791187260,2026-10-05T13:31:00,72054.44,72056.03,72038.65,72052.09,14965
1791187320,2026-10-05T13:32:00,72051.07,72083.18,72051.07,72064.89,9872
1791187380,2026-10-05T13:33:00,72064.89,72068.46,72058.33,72064.59,4155
1791187440,2026-10-05T13:34:00,72065.56,72075.94,72052.76,72075.94,9255
1791187500,2026-10-05T13:35:00,72074.41,72087.68,72073.7,72076.38,7585
1791187560,2026-10-05T13:36:00,72077.54,72128.85,72077.06,72127.47,18300
1791187620,2026-10-05T13:37:00,72126.38,72141.17,72123.51,72137.85,31838
1791187680,2026-10-05T13:38:00,72138.95,72138.95,72110.2,72131.96,25060
1791187740,2026-10-05T13:39:00,72133.1,72160.7,72127.86,72159.71,15628
1791187800,2026-10-05T13:40:00,72160,72282.37,72160,72277.78,50997
1791187860,2026-10-05T13:41:00,72278.32,72325.11,72278.32,72323.04,29903
1791187920,2026-10-05T13:42:00,72321.18,72324.55,72294.72,72324.55,30988
1791187980,2026-10-05T13:43:00,72326.84,72328.99,72305.55,72312.54,30791
1791188040,2026-10-05T13:44:00,72311.31,72314.73,72273.04,72314.73,17799
1791188100,2026-10-05T13:45:00,72319.13,72373.18,72319.13,72345.89,42415
1791188160,2026-10-05T13:46:00,72343.37,72343.37,72308.01,72315.79,14974
1791188220,2026-10-05T13:47:00,72314.7,72320.36,72299.19,72320.36,13533
1791188280,2026-10-05T13:48:00,72314.51,72320.21,72285.47,72287.62,12204
1791188340,2026-10-05T13:49:00,72287.62,72301.01,72267.2,72297.14,11377
1791188400,2026-10-05T13:50:00,72295.65,72309.56,72282.52,72309.56,23426
1791188460,2026-10-05T13:51:00,72306.74,72323.55,72306.33,72319.92,24845
1791188520,2026-10-05T13:52:00,72322.75,72341.82,72320.65,72337.35,37215
1791188580,2026-10-05T13:53:00,72338.08,72356.09,72332.48,72344.2,41039
1791188640,2026-10-05T13:54:00,72346.04,72356.68,72345.04,72350.89,25644
1791188700,2026-10-05T13:55:00,72352.11,72352.39,72337.13,72346.97,38664
1791188760,2026-10-05T13:56:00,72345.98,72347.52,72327.82,72340.24,265462
1791188820,2026-10-05T13:57:00,72338.05,72343.72,72332.31,72340.56,5343348
1791188880,2026-10-05T13:58:00,72337.64,72347.13,72293,72296.64,166551
1791188940,2026-10-05T13:59:00,72297.54,72321.15,72291.79,72304.97,36389
1791189000,2026-10-05T14:00:00,72305.5,72307.8,72291.26,72302.7,71024
1791189060,2026-10-05T14:01:00,72302.3,72318.27,72302.3,72317.56,112824
1791189120,2026-10-05T14:02:00,72317.65,72326.07,72300.77,72326.07,13101
1791189180,2026-10-05T14:03:00,72326.08,72333.66,72309.76,72312.33,57299
1791189240,2026-10-05T14:04:00,72306.69,72308.23,72180.2,72208.34,48136
1791189300,2026-10-05T14:05:00,72210.37,72240.54,72210.37,72211.39,13460
1791189360,2026-10-05T14:06:00,72208.03,72216.4,72158.83,72158.86,11221
1791189420,2026-10-05T14:07:00,72160.94,72186.47,72158.16,72186.46,69475
1791189480,2026-10-05T14:08:00,72186.46,72225.78,72186.46,72225.78,48447
1791189540,2026-10-05T14:09:00,72220.77,72256.96,72220.15,72235.78,11182
1791189600,2026-10-05T14:10:00,72235.85,72274.13,72231.09,72267.04,59701
1791189660,2026-10-05T14:11:00,72265.93,72273.3,72257.72,72265.17,51292
1791189720,2026-10-05T14:12:00,72263.79,72277.71,72261.15,72267.87,304011
1791189780,2026-10-05T14:13:00,72269.89,72354.14,72252.64,72354.14,25049
1791189840,2026-10-05T14:14:00,72358.2,72378.94,72328.52,72332.19,34833
1791189900,2026-10-05T14:15:00,72332.32,72339.11,72270.03,72272.62,69816
1791189960,2026-10-05T14:16:00,72271.13,72278.99,72261.51,72268.39,45310
1791190020,2026-10-05T14:17:00,72270.23,72274.33,72256.96,72259.94,22306
1791190080,2026-10-05T14:18:00,72261.6,72280.4,72255.91,72278.34,26766
1791190140,2026-10-05T14:19:00,72278.45,72345.5,72278.45,72344.85,55004
1791190200,2026-10-05T14:20:00,72342.78,72356.94,72333.71,72356.94,64705
1791190260,2026-10-05T14:21:00,72355.95,72366.67,72352.36,72355.84,22777
1791190320,2026-10-05T14:22:00,72356.41,72358.54,72346.66,72353.92,19372
1791190380,2026-10-05T14:23:00,72351.7,72351.7,72321.74,72328.47,27717
1791190440,2026-10-05T14:24:00,72329.71,72337.39,72318.31,72318.55,23822
1791190500,2026-10-05T14:25:00,72321.57,72342.62,72314.92,72329.47,23365
1791190560,2026-10-05T14:26:00,72330.61,72335.08,72327.54,72334.08,15809
1791190620,2026-10-05T14:27:00,72333.17,72347.43,72333,72346.52,25522
1791190680,2026-10-05T14:28:00,72346.43,72349.41,72332.9,72341.68,22169
1791190740,2026-10-05T14:29:00,72338.5,72357.98,72335.45,72355.22,16760
1791190800,2026-10-05T14:30:00,72354.99,72368.33,72354.73,72354.73,28159
1791190860,2026-10-05T14:31:00,72350.32,72353.14,72324.61,72328.73,18952
1791190920,2026-10-05T14:32:00,72328.97,72374.5,72328.97,72366.87,29158
1791190980,2026-10-05T14:33:00,72368.81,72370.71,72357.07,72360.68,23578
1791191040,2026-10-05T14:34:00,72359,72363.43,72350.09,72357.24,301550
1791191100,2026-10-05T14:35:00,72355.96,72363.88,72344.7,72344.7,18730
1791191160,2026-10-05T14:36:00,72348.34,72361.52,72342.38,72357.7,19395
1791191220,2026-10-05T14:37:00,72359.69,72366.32,72348.09,72353.56,18456
1791191280,2026-10-05T14:38:00,72354.48,72366.79,72349.67,72352.27,17904
1791191340,2026-10-05T14:39:00,72351.26,72351.6,72319.66,72319.66,14158
1791191400,2026-10-05T14:40:00,72318.71,72320.9,72304.95,72311.04,18053
1791191460,2026-10-05T14:41:00,72312.32,72312.32,72295.99,72302.69,34863
1791191520,2026-10-05T14:42:00,72303.16,72345.81,72300.16,72345.6,35093
1791191580,2026-10-05T14:43:00,72346.01,72351.15,72339.48,72346.45,19611
1791191640,2026-10-05T14:44:00,72346.45,72355.36,72339.57,72353.74,21142
1791191700,2026-10-05T14:45:00,72354.67,72371.84,72354.67,72359.49,20256
1791191760,2026-10-05T14:46:00,72352.51,72354.65,72333.64,72334.26,18297
1791191820,2026-10-05T14:47:00,72338.13,72346.4,72325.88,72327.25,18436
1791191880,2026-10-05T14:48:00,72327.25,72337.61,72313.9,72331.74,13318
1791191940,2026-10-05T14:49:00,72333.05,72346.62,72315.35,72315.35,23546
1791192000,2026-10-05T14:50:00,72314.87,72319.13,72309.4,72316.48,12556
1791192060,2026-10-05T14:51:00,72323.17,72329.78,72313.19,72329.78,19567
1791192120,2026-10-05T14:52:00,72331.14,72331.14,72296.21,72298.61,131820
1791192180,2026-10-05T14:53:00,72296.9,72337.79,72296.9,72328,17668
1791192240,2026-10-05T14:54:00,72328.83,72356.08,72328.83,72350.82,36480
1791192300,2026-10-05T14:55:00,72350.63,72354.32,72325.6,72329.89,70883
1791192360,2026-10-05T14:56:00,72323.19,72334.93,72312.67,72328.93,39067
1791192420,2026-10-05T14:57:00,72329.19,72333,72304,72317.02,25533
1791192480,2026-10-05T14:58:00,72316.86,72326.43,72282.35,72285.22,40905
1791192540,2026-10-05T14:59:00,72287.92,72298.98,72287.92,72289.71,25015
1791192600,2026-10-05T15:00:00,72289.03,72303.78,72284.08,72288.37,27306
1791192660,2026-10-05T15:01:00,72286.69,72286.69,72245.93,72246.24,4041829
1791192720,2026-10-05T15:02:00,72246.05,72254.16,72243.76,72247.48,147930
1791192780,2026-10-05T15:03:00,72248.18,72258.76,72222.25,72225.05,735499
1791192840,2026-10-05T15:04:00,72224.03,72255.85,72222.91,72245.96,38888
1791192900,2026-10-05T15:05:00,72239.59,72257.75,72239.59,72257.75,76587
1791192960,2026-10-05T15:06:00,72257.91,72265.97,72241.45,72265.97,103172
1791193020,2026-10-05T15:07:00,72264.73,72281.13,72264.73,72271.86,48042
1791193080,2026-10-05T15:08:00,72270.87,72270.87,72240.11,72246.75,54529
1791193140,2026-10-05T15:09:00,72246.61,72251.5,72235.58,72247.89,25503
1791193200,2026-10-05T15:10:00,72250.69,72293.27,72250.69,72291.14,38860
1791193260,2026-10-05T15:11:00,72289.27,72293.16,72259.51,72264.97,30088
1791193320,2026-10-05T15:12:00,72267.65,72283.25,72244.93,72281.01,44682
1791193380,2026-10-05T15:13:00,72280.32,72307.34,72274,72294.13,29420
1791193440,2026-10-05T15:14:00,72294.13,72328.53,72285.53,72312.49,50221
1791193500,2026-10-05T15:15:00,72312.23,72312.23,72312.23,72312.23,50221
1791193560,2026-10-05T15:16:00,72312.23,72312.23,72312.23,72312.23,50221
1791193620,2026-10-05T15:17:00,72312.23,72312.23,72312.23,72312.23,50221
1791193680,2026-10-05T15:18:00,72312.23,72312.23,72312.23,72312.23,50221
1791193740,2026-10-05T15:19:00,72312.23,72312.23,72312.23,72312.23,50221
1791193800,2026-10-05T15:20:00,72312.23,72312.23,72312.23,72312.23,50221
1791193860,2026-10-05T15:21:00,72312.23,72312.23,72312.23,72312.23,50221
1791193920,2026-10-05T15:22:00,72312.23,72312.23,72312.23,72312.23,50221
1791193980,2026-10-05T15:23:00,72312.23,72312.23,72312.23,72312.23,50221
1791194040,2026-10-05T15:24:00,72312.23,72312.23,72312.23,72312.23,50221
1791194100,2026-10-05T15:25:00,72312.23,72312.23,72312.23,72312.23,50221
1791194160,2026-10-05T15:26:00,72312.23,72312.23,72312.23,72312.23,50221
1791194220,2026-10-05T15:27:00,72312.23,72312.23,72312.23,72312.23,50221
1791194280,2026-10-05T15:28:00,72312.23,72312.23,72312.23,72312.23,50221
1791194340,2026-10-05T15:29:00,72312.23,72312.23,72312.23,72312.23,50221
1791258300,2026-10-06T09:15:00,72508.05,72594.21,72436.01,72440.76,344145
1791258360,2026-10-06T09:16:00,72441.82,72449.76,72384.83,72445.69,156419
1791258420,2026-10-06T09:17:00,72450.98,72481.21,72435.2,72479.77,88819
1791258480,2026-10-06T09:18:00,72479.57,72508,72479.57,72489.45,89924
1791258540,2026-10-06T09:19:00,72491.79,72491.79,72446.75,72474.23,74871
1791258600,2026-10-06T09:20:00,72471.92,72478.34,72420.86,72425.14,90258
1791258660,2026-10-06T09:21:00,72421.68,72451.66,72410.22,72440.74,70066
1791258720,2026-10-06T09:22:00,72439.42,72484.98,72434.05,72474,5591200
1791258780,2026-10-06T09:23:00,72479.29,72489.69,72467,72478.35,146465
1791258840,2026-10-06T09:24:00,72478.19,72509.97,72467.44,72500.76,1511325
1791258900,2026-10-06T09:25:00,72497.76,72513.39,72485.88,72494.7,73980
1791258960,2026-10-06T09:26:00,72498.08,72516.41,72493.24,72497.14,49037
1791259020,2026-10-06T09:27:00,72497.94,72520.42,72492.32,72516.59,42302
1791259080,2026-10-06T09:28:00,72518.88,72523.97,72492.24,72503.17,34568
1791259140,2026-10-06T09:29:00,72501.44,72506.32,72493.69,72499.16,64897
1791259200,2026-10-06T09:30:00,72498.27,72540.32,72497.82,72533.15,58357
1791259260,2026-10-06T09:31:00,72534.31,72536.36,72503.96,72503.96,57720
1791259320,2026-10-06T09:32:00,72500.58,72533.26,72490.89,72530.31,57398
1791259380,2026-10-06T09:33:00,72530.95,72561.26,72525.96,72556.63,58979
1791259440,2026-10-06T09:34:00,72556.24,72571.42,72551.66,72559.36,32932
1791259500,2026-10-06T09:35:00,72560.76,72560.76,72537.37,72551.36,54176
1791259560,2026-10-06T09:36:00,72550.25,72554.46,72521.61,72533.85,45788
1791259620,2026-10-06T09:37:00,72534.35,72578.12,72532.03,72568.93,50936
1791259680,2026-10-06T09:38:00,72569.08,72575.89,72566.24,72568.66,33834
1791259740,2026-10-06T09:39:00,72563.92,72585.81,72553.54,72585.81,33889
1791259800,2026-10-06T09:40:00,72586.01,72606.18,72586.01,72599.64,21809
1791259860,2026-10-06T09:41:00,72602.42,72602.82,72578.64,72583.9,22091
1791259920,2026-10-06T09:42:00,72585.06,72588.84,72551.1,72570.66,48072
1791259980,2026-10-06T09:43:00,72569.74,72580.91,72561.08,72577.42,417738
1791260040,2026-10-06T09:44:00,72578.55,72580.45,72547.4,72554.77,37680
1791260100,2026-10-06T09:45:00,72552.83,72580.63,72547.67,72579.76,144985
1791260160,2026-10-06T09:46:00,72579.76,72607.01,72577.17,72589.76,23914
1791260220,2026-10-06T09:47:00,72594.6,72629.47,72585.17,72622.81,784725
1791260280,2026-10-06T09:48:00,72623.72,72642.88,72622.71,72632.28,25016
1791260340,2026-10-06T09:49:00,72635.04,72635.04,72620.08,72633.01,25278
1791260400,2026-10-06T09:50:00,72626.55,72657.76,72626.55,72652.15,34883
1791260460,2026-10-06T09:51:00,72652.63,72654.11,72631.17,72637.06,42967
1791260520,2026-10-06T09:52:00,72633.57,72636.5,72607.77,72624.57,29743
1791260580,2026-10-06T09:53:00,72622.68,72642.67,72616.49,72642.67,18446
1791260640,2026-10-06T09:54:00,72643.95,72655.76,72631.4,72652,36891
1791260700,2026-10-06T09:55:00,72657.1,72696.33,72657.1,72696.33,47042
1791260760,2026-10-06T09:56:00,72692.15,72723.95,72687.71,72720.98,69966
1791260820,2026-10-06T09:57:00,72718.63,72732.92,72713.47,72722.38,29665
1791260880,2026-10-06T09:58:00,72716.25,72722.28,72707.48,72714.38,38166
1791260940,2026-10-06T09:59:00,72713.35,72726.35,72704.48,72705.6,31839
1791261000,2026-10-06T10:00:00,72705.71,72722.6,72701.45,72714.55,24885
1791261060,2026-10-06T10:01:00,72716.55,72719.19,72686.87,72691.14,25050
1791261120,2026-10-06T10:02:00,72690.9,72709.01,72686.23,72696.59,15604
1791261180,2026-10-06T10:03:00,72697.06,72698.15,72678.04,72680.98,15580
1791261240,2026-10-06T10:04:00,72681.12,72681.79,72653.81,72670.21,24620
1791261300,2026-10-06T10:05:00,72670.48,72684.07,72662.71,72663.9,24811
1791261360,2026-10-06T10:06:00,72661.03,72665.97,72643.53,72655.03,13569
1791261420,2026-10-06T10:07:00,72654.6,72670.28,72635.33,72635.33,9154
1791261480,2026-10-06T10:08:00,72637.73,72652.39,72633.75,72640.9,16976
1791261540,2026-10-06T10:09:00,72641.52,72641.52,72591.7,72604.49,20939
1791261600,2026-10-06T10:10:00,72601.53,72618.09,72565.93,72618.09,32444
1791261660,2026-10-06T10:11:00,72616.38,72634.39,72611.61,72623.17,25984
1791261720,2026-10-06T10:12:00,72624.35,72638.72,72614.79,72638.72,11339
1791261780,2026-10-06T10:13:00,72639.02,72654.27,72630.09,72648.09,26081
1791261840,2026-10-06T10:14:00,72645.92,72687.41,72645.92,72684.7,24388
1791261900,2026-10-06T10:15:00,72687.01,72703.12,72680.62,72701.34,20651
1791261960,2026-10-06T10:16:00,72702.43,72703.47,72681.24,72690.12,9820
1791262020,2026-10-06T10:17:00,72689.18,72721.8,72689.18,72710.64,26811
1791262080,2026-10-06T10:18:00,72710.45,72715.75,72701.79,72711.48,11367
1791262140,2026-10-06T10:19:00,72709.14,72724.74,72675.27,72675.27,20017
1791262200,2026-10-06T10:20:00,72669.91,72670.6,72650.08,72665.78,15063
1791262260,2026-10-06T10:21:00,72671.69,72672.29,72652.39,72661.19,19220
1791262320,2026-10-06T10:22:00,72660.78,72673.52,72646.51,72671.66,32419
1791262380,2026-10-06T10:23:00,72665.62,72678.41,72657.15,72678.27,26660
1791262440,2026-10-06T10:24:00,72677.55,72690.8,72675.13,72681.86,23430
1791262500,2026-10-06T10:25:00,72675.89,72688.05,72675.89,72686.13,23587
1791262560,2026-10-06T10:26:00,72688.95,72689.4,72677.56,72681.62,10033
1791262620,2026-10-06T10:27:00,72679.86,72679.86,72655.58,72655.78,7433
1791262680,2026-10-06T10:28:00,72656.28,72669.37,72651.01,72661.84,9546
1791262740,2026-10-06T10:29:00,72661.45,72678.28,72657.85,72675.97,23583
1791262800,2026-10-06T10:30:00,72675.28,72679.46,72664.68,72675.1,18472
1791262860,2026-10-06T10:31:00,72671.13,72685.92,72664.96,72675.77,12199
1791262920,2026-10-06T10:32:00,72676.23,72684.79,72662.19,72662.54,22702
1791262980,2026-10-06T10:33:00,72664.7,72687.44,72662.58,72678.95,12781
1791263040,2026-10-06T10:34:00,72685.9,72714.77,72685.9,72707.99,41846
1791263100,2026-10-06T10:35:00,72705.66,72722.65,72702.07,72714.14,11486
1791263160,2026-10-06T10:36:00,72719.34,72719.34,72700.64,72708.47,11039
1791263220,2026-10-06T10:37:00,72706.54,72732.32,72706.54,72724.84,13448
1791263280,2026-10-06T10:38:00,72730.39,72739.28,72724.81,72730.24,16513
1791263340,2026-10-06T10:39:00,72728.4,72743.64,72725.28,72736.69,22544
1791263400,2026-10-06T10:40:00,72735.7,72743.09,72716.72,72724.08,11297
1791263460,2026-10-06T10:41:00,72723.36,72727.22,72713.91,72723.86,9389
1791263520,2026-10-06T10:42:00,72725.64,72741.61,72725.64,72738.15,13469
1791263580,2026-10-06T10:43:00,72734.52,72749.1,72734.52,72747.18,36920
1791263640,2026-10-06T10:44:00,72744.72,72767.11,72739.4,72762.93,40153
1791263700,2026-10-06T10:45:00,72763.04,72763.04,72735.11,72743.39,10147
1791263760,2026-10-06T10:46:00,72743.06,72745.82,72725.29,72728.59,15281
1791263820,2026-10-06T10:47:00,72728.77,72733.31,72708.56,72732.86,452009
1791263880,2026-10-06T10:48:00,72732.86,72742.7,72730.7,72732.1,13923
1791263940,2026-10-06T10:49:00,72733.03,72752.34,72729.39,72747.85,17305
1791264000,2026-10-06T10:50:00,72746.8,72752.07,72721.98,72722.11,17201
1791264060,2026-10-06T10:51:00,72722.91,72736.62,72720.05,72726.05,17538
1791264120,2026-10-06T10:52:00,72724.38,72737.88,72715.64,72736.86,34781
1791264180,2026-10-06T10:53:00,72736.49,72747.06,72732.21,72735.13,38909
1791264240,2026-10-06T10:54:00,72735.64,72737.08,72718.47,72726.21,25298
1791264300,2026-10-06T10:55:00,72728.69,72740.45,72721.19,72733.33,33705
1791264360,2026-10-06T10:56:00,72732.26,72734.4,72718.39,72722.24,15538
1791264420,2026-10-06T10:57:00,72724.44,72724.44,72704.32,72708.49,11970
1791264480,2026-10-06T10:58:00,72708.18,72710.72,72687.7,72692.81,11770
1791264540,2026-10-06T10:59:00,72694.16,72721.36,72692.79,72721.36,14307
1791264600,2026-10-06T11:00:00,72721.36,72745.12,72718.39,72721.17,32582
1791264660,2026-10-06T11:01:00,72721.61,72746.25,72713.41,72741.05,17188
1791264720,2026-10-06T11:02:00,72743.29,72762.76,72737.21,72758.53,28706
1791264780,2026-10-06T11:03:00,72759.48,72782.27,72759.48,72774.87,32234
1791264840,2026-10-06T11:04:00,72773.02,72783.27,72766.07,72782.24,17777
1791264900,2026-10-06T11:05:00,72781.51,72824.31,72780.06,72824.31,33015
1791264960,2026-10-06T11:06:00,72827.14,72832.7,72805.96,72816.42,42843
1791265020,2026-10-06T11:07:00,72817.56,72820.4,72786.72,72786.72,39660
1791265080,2026-10-06T11:08:00,72786.27,72800.12,72774.75,72796.45,56141
1791265140,2026-10-06T11:09:00,72795.18,72811.77,72791.88,72802.31,15190
1791265200,2026-10-06T11:10:00,72798.72,72803.29,72791.18,72799.35,27455
1791265260,2026-10-06T11:11:00,72799.1,72805.14,72794.51,72802.51,50402
1791265320,2026-10-06T11:12:00,72802.82,72805.79,72795.96,72796.17,42135
1791265380,2026-10-06T11:13:00,72797,72797.57,72767.21,72795.84,26237
1791265440,2026-10-06T11:14:00,72795.16,72808.61,72790.88,72790.88,19312
1791265500,2026-10-06T11:15:00,72794.72,72814.38,72794.72,72806.97,67774
1791265560,2026-10-06T11:16:00,72807.57,72808.77,72784.88,72784.88,61308
1791265620,2026-10-06T11:17:00,72785.71,72803.21,72781.3,72796.63,9126
1791265680,2026-10-06T11:18:00,72799.05,72807.58,72791.44,72803.55,12331
1791265740,2026-10-06T11:19:00,72805.14,72825.86,72803.45,72809.83,11559
1791265800,2026-10-06T11:20:00,72807.86,72828.35,72807.86,72821.2,32777
1791265860,2026-10-06T11:21:00,72821.2,72821.2,72804.45,72804.45,19050
1791265920,2026-10-06T11:22:00,72802.38,72807.05,72788.18,72789.49,75886
1791265980,2026-10-06T11:23:00,72789.34,72797.01,72781.35,72792.96,69987
1791266040,2026-10-06T11:24:00,72792.28,72802.54,72786.4,72793.54,14350
1791266100,2026-10-06T11:25:00,72794.69,72798.84,72784.76,72793.91,20892
1791266160,2026-10-06T11:26:00,72793.84,72800.06,72784.91,72793.39,133450
1791266220,2026-10-06T11:27:00,72794.18,72800.94,72789.15,72798.28,9709
1791266280,2026-10-06T11:28:00,72798.21,72807.36,72790.08,72800.66,34190
1791266340,2026-10-06T11:29:00,72799.86,72806.01,72785.97,72788.9,13730
1791266400,2026-10-06T11:30:00,72788.19,72792.22,72780.93,72791.68,8070
1791266460,2026-10-06T11:31:00,72791.68,72791.68,72776.96,72780.66,37432
1791266520,2026-10-06T11:32:00,72779.76,72779.91,72768.71,72770.25,80347
1791266580,2026-10-06T11:33:00,72770.38,72781.3,72770.38,72778.77,87651
1791266640,2026-10-06T11:34:00,72780.38,72792.37,72771.33,72789.55,26671
1791266700,2026-10-06T11:35:00,72790.73,72791.39,72770.07,72770.07,20589
1791266760,2026-10-06T11:36:00,72772.45,72775.33,72760.34,72775.33,76360
1791266820,2026-10-06T11:37:00,72774.92,72796.22,72763.47,72796.22,53935
1791266880,2026-10-06T11:38:00,72796.64,72800.13,72790.56,72792.81,12659
1791266940,2026-10-06T11:39:00,72794.74,72804.14,72788.87,72790.98,14710
1791267000,2026-10-06T11:40:00,72793.24,72803.08,72792.91,72799.86,7476
1791267060,2026-10-06T11:41:00,72798.09,72806.21,72794.63,72796.54,12689
1791267120,2026-10-06T11:42:00,72796.5,72799.83,72789.79,72799.45,6814
1791267180,2026-10-06T11:43:00,72801.9,72811.74,72793.78,72810.11,12942
1791267240,2026-10-06T11:44:00,72810.41,72830.28,72807.75,72827.79,16476
1791267300,2026-10-06T11:45:00,72828.74,72854.81,72823.23,72853.09,11148
1791267360,2026-10-06T11:46:00,72853.09,72853.09,72832.59,72838.15,8875
1791267420,2026-10-06T11:47:00,72837.32,72855.76,72837.32,72839.85,21166
1791267480,2026-10-06T11:48:00,72839.4,72854.25,72839,72847.26,17587
1791267540,2026-10-06T11:49:00,72848.11,72855.37,72846.26,72849.18,11568
1791267600,2026-10-06T11:50:00,72848.65,72850.99,72818.16,72820.09,16230
1791267660,2026-10-06T11:51:00,72819.43,72819.64,72790.99,72790.99,30144
1791267720,2026-10-06T11:52:00,72790.62,72798.46,72780.97,72780.97,24490
1791267780,2026-10-06T11:53:00,72780.27,72811.52,72779.4,72809.91,22225
1791267840,2026-10-06T11:54:00,72810.4,72821.46,72801,72801,16026
1791267900,2026-10-06T11:55:00,72799.19,72800.73,72779.74,72779.74,19619
1791267960,2026-10-06T11:56:00,72779.05,72814.66,72779.05,72807.17,16144
1791268020,2026-10-06T11:57:00,72805.39,72817.21,72805.39,72812.9,14135
1791268080,2026-10-06T11:58:00,72812.48,72819.12,72804.97,72804.97,16769
1791268140,2026-10-06T11:59:00,72807.77,72824.85,72803.05,72824.85,8741
1791268200,2026-10-06T12:00:00,72824.85,72827.56,72808.57,72809.09,12758
1791268260,2026-10-06T12:01:00,72808.7,72859.55,72807.39,72859.43,16430
1791268320,2026-10-06T12:02:00,72857.65,72866.09,72840.8,72850.25,12160
1791268380,2026-10-06T12:03:00,72845.55,72850.45,72836.02,72836.78,12915
1791268440,2026-10-06T12:04:00,72835.92,72852.4,72835.92,72847.23,5878
1791268500,2026-10-06T12:05:00,72851.34,72875.26,72847.35,72847.35,17231
1791268560,2026-10-06T12:06:00,72844.52,72847.76,72808.72,72808.72,15918
1791268620,2026-10-06T12:07:00,72804.55,72817.44,72801.55,72810.85,13953
1791268680,2026-10-06T12:08:00,72810.34,72825.93,72809.21,72813.57,134782
1791268740,2026-10-06T12:09:00,72811.05,72823.31,72793.28,72793.28,9322
1791268800,2026-10-06T12:10:00,72793.89,72796.02,72781.64,72787.96,23756
1791268860,2026-10-06T12:11:00,72787.43,72789.78,72773.94,72780.34,14249
1791268920,2026-10-06T12:12:00,72777.62,72779.92,72750.87,72756.07,705700
1791268980,2026-10-06T12:13:00,72757.86,72769.87,72757.86,72764.45,5881
1791269040,2026-10-06T12:14:00,72764.54,72779.49,72761.81,72778.1,6490
1791269100,2026-10-06T12:15:00,72768.27,72786.09,72767.52,72786.09,42245
1791269160,2026-10-06T12:16:00,72785.81,72800.72,72783.08,72789.02,36979
1791269220,2026-10-06T12:17:00,72791.51,72825.22,72791.51,72825.22,26467
1791269280,2026-10-06T12:18:00,72825.39,72835.77,72813.1,72816.99,32985
1791269340,2026-10-06T12:19:00,72817.56,72841.55,72814.98,72830.92,34783
1791269400,2026-10-06T12:20:00,72828.9,72836.02,72824.24,72833.59,31664
1791269460,2026-10-06T12:21:00,72836.05,72836.07,72825.29,72828.69,41938
1791269520,2026-10-06T12:22:00,72825.5,72831.94,72823.34,72825.96,9830
1791269580,2026-10-06T12:23:00,72830.15,72837.09,72825.8,72835.95,13440
1791269640,2026-10-06T12:24:00,72833.61,72855.93,72832.39,72855.93,19399
1791269700,2026-10-06T12:25:00,72857.27,72864.13,72822.87,72826.88,16994
1791269760,2026-10-06T12:26:00,72826.78,72842.48,72826.78,72834.1,9184
1791269820,2026-10-06T12:27:00,72834.21,72841.91,72830.03,72830.03,9100
1791269880,2026-10-06T12:28:00,72832.15,72840.22,72825.47,72839.61,9689
1791269940,2026-10-06T12:29:00,72838.33,72845.59,72836.93,72841.83,15233
1791270000,2026-10-06T12:30:00,72838.12,72863.51,72834.58,72859.59,11250
1791270060,2026-10-06T12:31:00,72860.18,72867.24,72856.2,72864.6,20708
1791270120,2026-10-06T12:32:00,72865.44,72867.8,72847.84,72847.84,27590
1791270180,2026-10-06T12:33:00,72846.66,72858.46,72841.22,72858.46,8305
1791270240,2026-10-06T12:34:00,72854.41,72864.54,72854.41,72859.51,9755
1791270300,2026-10-06T12:35:00,72860.35,72864.29,72853.21,72854.14,9003
1791270360,2026-10-06T12:36:00,72853.3,72858.11,72848.95,72854.11,5308
1791270420,2026-10-06T12:37:00,72855.42,72875.73,72849.09,72873.2,22971
1791270480,2026-10-06T12:38:00,72875.67,72901.05,72871.35,72899.83,26235
1791270540,2026-10-06T12:39:00,72900.28,72929.41,72900.28,72912.52,8686
1791270600,2026-10-06T12:40:00,72913.08,72928.39,72911.84,72920.15,11031
1791270660,2026-10-06T12:41:00,72920.15,72922.28,72902.96,72915.43,16416
1791270720,2026-10-06T12:42:00,72914.92,72933.91,72914.92,72933.91,8207
1791270780,2026-10-06T12:43:00,72930.49,72945.4,72922.95,72945.25,21739
1791270840,2026-10-06T12:44:00,72945.25,72971.58,72945.25,72952.27,16614
1791270900,2026-10-06T12:45:00,72953.31,72964.84,72947.55,72949.44,34694
1791270960,2026-10-06T12:46:00,72944.68,72955.91,72941.02,72952.24,20114
1791271020,2026-10-06T12:47:00,72954.97,72964.72,72945.73,72949.74,281238
1791271080,2026-10-06T12:48:00,72951.57,72966.9,72950.85,72956.66,92619
1791271140,2026-10-06T12:49:00,72956.66,72956.66,72922.25,72925.16,23459
1791271200,2026-10-06T12:50:00,72926.68,72931,72918.04,72921.34,19687
1791271260,2026-10-06T12:51:00,72923.73,72930.7,72913.06,72914.79,22033
1791271320,2026-10-06T12:52:00,72914.79,72921.94,72902.35,72921.94,17211
1791271380,2026-10-06T12:53:00,72922.8,72926.83,72910.92,72914.51,17175
1791271440,2026-10-06T12:54:00,72910.78,72916.65,72900.53,72904.07,18499
1791271500,2026-10-06T12:55:00,72903.84,72904.32,72885.61,72886.91,9536
1791271560,2026-10-06T12:56:00,72888.95,72898,72880.6,72898,13267
1791271620,2026-10-06T12:57:00,72896.42,72913.5,72896.42,72912.54,19432
1791271680,2026-10-06T12:58:00,72912.41,72914.81,72900.33,72909.3,32032
1791271740,2026-10-06T12:59:00,72908.67,72921.87,72902.32,72921.87,13448
1791271800,2026-10-06T13:00:00,72918.35,72924.45,72903.27,72907.51,65555
1791271860,2026-10-06T13:01:00,72903.77,72915.9,72866.31,72866.31,17704
1791271920,2026-10-06T13:02:00,72867.38,72892.51,72858.53,72872.4,19171
1791271980,2026-10-06T13:03:00,72872.83,72916.54,72872.83,72904.58,22384
1791272040,2026-10-06T13:04:00,72902.08,72907.53,72895.23,72907.53,24049
1791272100,2026-10-06T13:05:00,72907.09,72909.81,72895.09,72895.09,21850
1791272160,2026-10-06T13:06:00,72893.87,72893.87,72878.58,72886.82,22436
1791272220,2026-10-06T13:07:00,72886.29,72893.33,72875.61,72889.89,28984
1791272280,2026-10-06T13:08:00,72889.89,72899.2,72880.14,72898.4,38681
1791272340,2026-10-06T13:09:00,72897.99,72914.08,72892.86,72914.08,35453
1791272400,2026-10-06T13:10:00,72914.08,72918.27,72901.89,72906.35,14709
1791272460,2026-10-06T13:11:00,72901.29,72919.84,72898.64,72918.13,13786
1791272520,2026-10-06T13:12:00,72920.6,72922.39,72908.6,72912.87,10596
1791272580,2026-10-06T13:13:00,72913.55,72921.58,72909.57,72917.83,30791
1791272640,2026-10-06T13:14:00,72914.61,72918.71,72901.26,72908.23,10506
1791272700,2026-10-06T13:15:00,72905.98,72913.49,72902.74,72910.26,12981
1791272760,2026-10-06T13:16:00,72904.27,72912.55,72899.16,72900.64,15179
1791272820,2026-10-06T13:17:00,72900.68,72906.44,72897.78,72899.63,40357
1791272880,2026-10-06T13:18:00,72898.75,72907.27,72894.32,72903.66,71178
1791272940,2026-10-06T13:19:00,72903.09,72905.31,72892.67,72900.71,61486
1791273000,2026-10-06T13:20:00,72899.66,72917.37,72899.66,72915.72,41297
1791273060,2026-10-06T13:21:00,72916.54,72921.05,72896.33,72902.43,22517
1791273120,2026-10-06T13:22:00,72902.03,72912.86,72902.03,72908.83,13383
1791273180,2026-10-06T13:23:00,72909.32,72909.32,72897.52,72902.49,16774
1791273240,2026-10-06T13:24:00,72902.77,72902.77,72890.51,72898.21,23837
1791273300,2026-10-06T13:25:00,72897.13,72899.93,72889.86,72891.98,6747
1791273360,2026-10-06T13:26:00,72891.98,72894.34,72866.52,72869.92,53730
1791273420,2026-10-06T13:27:00,72869.92,72877.66,72854.28,72864.46,35935
1791273480,2026-10-06T13:28:00,72866.29,72868.23,72848.54,72857.95,18105
1791273540,2026-10-06T13:29:00,72858.15,72874.85,72854.08,72874.85,24863
1791273600,2026-10-06T13:30:00,72874.57,72892.84,72866.5,72890.09,7637
1791273660,2026-10-06T13:31:00,72890.28,72899.28,72887.44,72898.29,15824
1791273720,2026-10-06T13:32:00,72898.29,72899.33,72879.4,72889.32,27110
1791273780,2026-10-06T13:33:00,72884.54,72893.95,72872.14,72893.95,14539
1791273840,2026-10-06T13:34:00,72894.19,72901.6,72882.85,72883.52,8121
1791273900,2026-10-06T13:35:00,72881.76,72897.88,72881.76,72896.11,157290
1791273960,2026-10-06T13:36:00,72898.13,72909.39,72894.7,72898.25,66597
1791274020,2026-10-06T13:37:00,72899.06,72909.65,72892.96,72908.08,14409
1791274080,2026-10-06T13:38:00,72909.21,72914.84,72903.31,72911.23,69827
1791274140,2026-10-06T13:39:00,72915.21,72920.65,72903.84,72904.87,10539
1791274200,2026-10-06T13:40:00,72904.52,72928.29,72904.24,72928.29,9464
1791274260,2026-10-06T13:41:00,72928.29,72938.23,72925.04,72926.88,12550
1791274320,2026-10-06T13:42:00,72926.46,72931.72,72901.58,72903.51,21320
1791274380,2026-10-06T13:43:00,72902.81,72902.81,72886.51,72891.45,11456
1791274440,2026-10-06T13:44:00,72886.99,72901.44,72886.99,72895.13,16585
1791274500,2026-10-06T13:45:00,72895.13,72899.93,72877.71,72898.27,10858
1791274560,2026-10-06T13:46:00,72898.15,72916.82,72894.47,72913.92,8939
1791274620,2026-10-06T13:47:00,72908.75,72908.75,72892.63,72904.49,46401
1791274680,2026-10-06T13:48:00,72904.52,72915.48,72904.52,72910.4,7951
1791274740,2026-10-06T13:49:00,72910.22,72920.98,72905.45,72914.41,6262
1791274800,2026-10-06T13:50:00,72920.25,72942.29,72919.32,72940.78,8095
1791274860,2026-10-06T13:51:00,72941.13,72941.13,72921.88,72921.88,9892
1791274920,2026-10-06T13:52:00,72922.37,72931.58,72917.8,72917.8,6804
1791274980,2026-10-06T13:53:00,72918.5,72927.04,72915.07,72922.61,4573
1791275040,2026-10-06T13:54:00,72922.79,72923.92,72908.69,72923.11,5763
1791275100,2026-10-06T13:55:00,72923.11,72932.5,72914.19,72932.5,13986
1791275160,2026-10-06T13:56:00,72931.89,72931.89,72914,72917.73,12733
1791275220,2026-10-06T13:57:00,72918.56,72918.56,72906.48,72913.3,10940
1791275280,2026-10-06T13:58:00,72909.56,72922.35,72908.78,72922.35,7084
1791275340,2026-10-06T13:59:00,72922.98,72932.09,72922.98,72929.02,15503
1791275400,2026-10-06T14:00:00,72929.28,72933.83,72926.04,72931.15,6841
1791275460,2026-10-06T14:01:00,72932.74,72942.97,72925.62,72937.98,276109
1791275520,2026-10-06T14:02:00,72937.29,72947.62,72932.3,72944.8,7420
1791275580,2026-10-06T14:03:00,72943.42,72954.21,72939.4,72952.14,10019
1791275640,2026-10-06T14:04:00,72948.89,72957.75,72940.51,72944.61,10559
1791275700,2026-10-06T14:05:00,72943.07,72961.59,72940.07,72955.83,11228
1791275760,2026-10-06T14:06:00,72958.61,72963.98,72933.58,72961.4,18295
1791275820,2026-10-06T14:07:00,72960.92,72983.69,72956.89,72960.15,19219
1791275880,2026-10-06T14:08:00,72961.35,72974.62,72956.71,72974.62,16033
1791275940,2026-10-06T14:09:00,72974.62,72977.88,72962.18,72966.68,13632
1791276000,2026-10-06T14:10:00,72967.23,72972.08,72960.06,72962.17,58772
1791276060,2026-10-06T14:11:00,72960.87,72971.24,72952.72,72952.72,8997
1791276120,2026-10-06T14:12:00,72952.72,72966.4,72950.16,72961.11,8872
1791276180,2026-10-06T14:13:00,72961.11,72966.19,72955.67,72957.7,11584
1791276240,2026-10-06T14:14:00,72957.6,72964.13,72953.27,72958.62,5407
1791276300,2026-10-06T14:15:00,72957.41,72960.44,72934.34,72938.05,11556
1791276360,2026-10-06T14:16:00,72937.95,72948.24,72937.95,72943.13,9291
1791276420,2026-10-06T14:17:00,72942.56,72944.14,72919.16,72924.01,20720
1791276480,2026-10-06T14:18:00,72924.34,72936.44,72905.72,72936.44,12103
1791276540,2026-10-06T14:19:00,72936.44,72936.44,72924.01,72933.09,14162
1791276600,2026-10-06T14:20:00,72931.91,72950.28,72917.52,72949.41,31351
1791276660,2026-10-06T14:21:00,72951.59,72951.59,72914.7,72923.07,32563
1791276720,2026-10-06T14:22:00,72922.51,72931.9,72916.57,72919.41,20099
1791276780,2026-10-06T14:23:00,72918.74,72925.65,72910.13,72915.88,14886
1791276840,2026-10-06T14:24:00,72918.44,72923.33,72913.54,72918.45,4943
1791276900,2026-10-06T14:25:00,72915.49,72918.47,72907.41,72917.67,11175
1791276960,2026-10-06T14:26:00,72913.73,72919.06,72876.02,72883.07,14990
1791277020,2026-10-06T14:27:00,72883.23,72887.59,72834.96,72874.47,24083
1791277080,2026-10-06T14:28:00,72873.8,72873.8,72839.62,72843.53,14509
1791277140,2026-10-06T14:29:00,72846.2,72862.79,72843.54,72851.82,19850
1791277200,2026-10-06T14:30:00,72851.64,72852.82,72841.9,72842.73,10321
1791277260,2026-10-06T14:31:00,72843.29,72863.17,72842.89,72863.17,14379
1791277320,2026-10-06T14:32:00,72861.07,72874.36,72855.48,72865.62,8847
1791277380,2026-10-06T14:33:00,72865.72,72869.24,72841.19,72853.22,11785
1791277440,2026-10-06T14:34:00,72853.96,72868.06,72841.18,72863.61,9428
1791277500,2026-10-06T14:35:00,72863.89,72863.89,72845.63,72847.44,15349
1791277560,2026-10-06T14:36:00,72848.72,72858.74,72841.92,72847.1,17274
1791277620,2026-10-06T14:37:00,72848.05,72854.59,72832.12,72846.09,11945
1791277680,2026-10-06T14:38:00,72844.13,72870.25,72844.13,72863.54,18222
1791277740,2026-10-06T14:39:00,72863.86,72881.02,72852.81,72879.72,1667395
1791277800,2026-10-06T14:40:00,72878.28,72883.46,72862.72,72881.53,14985
1791277860,2026-10-06T14:41:00,72881.14,72902.51,72874.95,72902.51,22673
1791277920,2026-10-06T14:42:00,72901.1,72913.42,72892.13,72895.06,13704
1791277980,2026-10-06T14:43:00,72893.74,72893.74,72872.23,72872.23,12713
1791278040,2026-10-06T14:44:00,72872.1,72884.25,72859.44,72883.44,11205
1791278100,2026-10-06T14:45:00,72882.79,72896.43,72877.48,72893.41,18887
1791278160,2026-10-06T14:46:00,72893.41,72901.01,72886.76,72888.73,11833
1791278220,2026-10-06T14:47:00,72890.13,72909.94,72890.13,72909.39,12521
1791278280,2026-10-06T14:48:00,72910.73,72929.7,72905.75,72925.85,20683
1791278340,2026-10-06T14:49:00,72926.45,72926.45,72905.92,72914.52,10418
1791278400,2026-10-06T14:50:00,72915.33,72915.33,72899.11,72908.57,1287580
1791278460,2026-10-06T14:51:00,72910,72922.43,72907.54,72918.19,22080
1791278520,2026-10-06T14:52:00,72922.91,72922.93,72900.76,72909.63,44111
1791278580,2026-10-06T14:53:00,72905.84,72912,72893.82,72899.36,19529
1791278640,2026-10-06T14:54:00,72899.42,72908.07,72887.06,72894.74,11487
1791278700,2026-10-06T14:55:00,72892.05,72925.53,72887.81,72914.56,521194
1791278760,2026-10-06T14:56:00,72913.32,72922.84,72905.46,72920.87,21378
1791278820,2026-10-06T14:57:00,72920.87,72924.65,72896.03,72898.86,13071
1791278880,2026-10-06T14:58:00,72900.51,72910.69,72891.85,72891.85,27441
1791278940,2026-10-06T14:59:00,72889.51,72904.29,72887.2,72897.9,25725
1791279000,2026-10-06T15:00:00,72890.55,72891.98,72859.97,72887.13,28218
1791279060,2026-10-06T15:01:00,72888.81,72906.09,72884.35,72887.53,235370
1791279120,2026-10-06T15:02:00,72889.45,72890.6,72869.51,72869.51,23606
1791279180,2026-10-06T15:03:00,72867.86,72882.62,72866.51,72877.99,19791
1791279240,2026-10-06T15:04:00,72879.48,72891.42,72870.48,72886.72,52329
1791279300,2026-10-06T15:05:00,72890.54,72904.06,72884.83,72898.69,40255
1791279360,2026-10-06T15:06:00,72896.53,72922.45,72896.53,72910.35,22227
1791279420,2026-10-06T15:07:00,72910.35,72915.37,72894.12,72899.02,20401
1791279480,2026-10-06T15:08:00,72899.02,72923.94,72897.51,72912.94,20591
1791279540,2026-10-06T15:09:00,72918.32,72922.5,72899.02,72905.43,56135
1791279600,2026-10-06T15:10:00,72903.75,72921.86,72902.22,72911.4,23963
1791279660,2026-10-06T15:11:00,72916.73,72936.17,72913.07,72923.58,38159
1791279720,2026-10-06T15:12:00,72919.72,72927.25,72894.66,72897.84,25888
1791279780,2026-10-06T15:13:00,72903.51,72921.85,72877.16,72889.01,37340
1791279840,2026-10-06T15:14:00,72897.77,72947.17,72891.16,72943.91,21403
1791279900,2026-10-06T15:15:00,72943.91,72943.91,72943.91,72943.91,21403
1791279960,2026-10-06T15:16:00,72943.91,72943.91,72943.91,72943.91,21403
1791280020,2026-10-06T15:17:00,72943.91,72943.91,72943.91,72943.91,21403
1791280080,2026-10-06T15:18:00,72943.91,72943.91,72943.91,72943.91,21403
1791280140,2026-10-06T15:19:00,72943.91,72943.91,72943.91,72943.91,21403
1791280200,2026-10-06T15:20:00,72943.91,72943.91,72943.91,72943.91,21403
1791280260,2026-10-06T15:21:00,72943.91,72943.91,72943.91,72943.91,21403
1791280320,2026-10-06T15:22:00,72943.91,72943.91,72943.91,72943.91,21403
1791280380,2026-10-06T15:23:00,72943.91,72943.91,72943.91,72943.91,21403
1791280440,2026-10-06T15:24:00,72943.91,72943.91,72943.91,72943.91,21403
1791280500,2026-10-06T15:25:00,72943.91,72943.91,72943.91,72943.91,21403
1791280560,2026-10-06T15:26:00,72943.91,72943.91,72943.91,72943.91,21403
1791280620,2026-10-06T15:27:00,72943.91,72943.91,72943.91,72943.91,21403
1791280680,2026-10-06T15:28:00,72943.91,73067.81,72943.91,73067.81,21403
1791280740,2026-10-06T15:29:00,73067.81,73067.81,73067.81,73067.81,21403
