Epoch,Timestamp,Open,High,Low,Close
1789443900,2026-09-15T09:15:00,75376.23,75404.56,75221.25,75229.18
1789443915,2026-09-15T09:15:15,75216.75,75243.89,75184.63,75184.63
1789443930,2026-09-15T09:15:30,75183.18,75205.13,75139.24,75195.55
1789443945,2026-09-15T09:15:45,75187.85,75187.85,75137.53,75144.24
1789443960,2026-09-15T09:16:00,75146.29,75213.6,75146.29,75194.22
1789443975,2026-09-15T09:16:15,75177.43,75187.03,75157.04,75185.04
1789443990,2026-09-15T09:16:30,75185.59,75202.91,75178.83,75196.65
1789444005,2026-09-15T09:16:45,75200.31,75208.94,75194.05,75203.87
1789444020,2026-09-15T09:17:00,75195.32,75210.59,75192.23,75205.59
1789444035,2026-09-15T09:17:15,75214.14,75226.97,75205.89,75223.17
1789444050,2026-09-15T09:17:30,75216.66,75230.07,75214.04,75230.07
1789444065,2026-09-15T09:17:45,75221.83,75241.26,75173.62,75173.62
1789444080,2026-09-15T09:18:00,75167.42,75174.79,75124.39,75129.92
1789444095,2026-09-15T09:18:15,75130.81,75152.54,75130.81,75142.25
1789444110,2026-09-15T09:18:30,75163.41,75185.39,75161.24,75162.75
1789444125,2026-09-15T09:18:45,75164.49,75164.53,75135.99,75151.16
1789444140,2026-09-15T09:19:00,75148.89,75167.4,75144.82,75163.34
1789444155,2026-09-15T09:19:15,75164.85,75180.1,75164.85,75178.6
1789444170,2026-09-15T09:19:30,75184.24,75188.68,75170.25,75170.25
1789444185,2026-09-15T09:19:45,75168.45,75188.48,75168.45,75176.71
1789444200,2026-09-15T09:20:00,75163.78,75176.22,75156.49,75156.49
1789444215,2026-09-15T09:20:15,75157.98,75160.56,75136.68,75148.19
1789444230,2026-09-15T09:20:30,75148.58,75161.73,75147.37,75147.4
1789444245,2026-09-15T09:20:45,75155.84,75171.75,75143.29,75166.92
1789444260,2026-09-15T09:21:00,75166.97,75166.97,75145.25,75145.25
1789444275,2026-09-15T09:21:15,75149.13,75170.62,75149.13,75162.51
1789444290,2026-09-15T09:21:30,75167.8,75180.45,75159.44,75170.05
1789444305,2026-09-15T09:21:45,75175.15,75184.75,75169.68,75172.16
1789444320,2026-09-15T09:22:00,75171.41,75171.41,75151.77,75152.16
1789444335,2026-09-15T09:22:15,75147.49,75160.83,75137.13,75142.73
1789444350,2026-09-15T09:22:30,75147.23,75150.05,75120.51,75125.32
1789444365,2026-09-15T09:22:45,75124.41,75128.48,75110.05,75111.24
1789444380,2026-09-15T09:23:00,75110.36,75120.67,75107.41,75110.57
1789444395,2026-09-15T09:23:15,75117.88,75117.88,75106.97,75111.55
1789444410,2026-09-15T09:23:30,75103.52,75111.45,75096.74,75106.42
1789444425,2026-09-15T09:23:45,75113.11,75116.42,75102.07,75110.04
1789444440,2026-09-15T09:24:00,75113.1,75129.6,75113.03,75119.76
1789444455,2026-09-15T09:24:15,75118.56,75131.16,75113.86,75118.06
1789444470,2026-09-15T09:24:30,75116.33,75116.33,75090.36,75094.3
1789444485,2026-09-15T09:24:45,75093.28,75093.28,75073.6,75075.21
1789444500,2026-09-15T09:25:00,75060.73,75060.88,75047.13,75054.46
1789444515,2026-09-15T09:25:15,75048.48,75051.05,75043.48,75047.78
1789444530,2026-09-15T09:25:30,75050.95,75057.84,75043.78,75057.84
1789444545,2026-09-15T09:25:45,75059.04,75059.04,75044.39,75046.47
1789444560,2026-09-15T09:26:00,75049.97,75056.03,75027.02,75027.02
1789444575,2026-09-15T09:26:15,75023.17,75031.05,75017.38,75028.82
1789444590,2026-09-15T09:26:30,75024.19,75045.25,75019.81,75045.25
1789444605,2026-09-15T09:26:45,75046.94,75046.94,75027.05,75028.9
1789444620,2026-09-15T09:27:00,75025.73,75034.72,75021.19,75021.19
1789444635,2026-09-15T09:27:15,75020.76,75042.24,75019.42,75042.24
1789444650,2026-09-15T09:27:30,75044.46,75044.46,75023.29,75028.88
1789444665,2026-09-15T09:27:45,75030.84,75044.57,75029.97,75030.12
1789444680,2026-09-15T09:28:00,75024.66,75032.95,75022.72,75025.55
1789444695,2026-09-15T09:28:15,75026.28,75033.16,75022.45,75023.66
1789444710,2026-09-15T09:28:30,75022.27,75030.46,75021.43,75030.04
1789444725,2026-09-15T09:28:45,75031.04,75031.09,75008.25,75008.25
1789444740,2026-09-15T09:29:00,75014.89,75016.75,75004.63,75010.28
1789444755,2026-09-15T09:29:15,75011.64,75014.86,75003.86,75007.6
1789444770,2026-09-15T09:29:30,75014.91,75019.42,75009.73,75014.49
1789444785,2026-09-15T09:29:45,75014.38,75025.64,75014.38,75021.63
1789444800,2026-09-15T09:30:00,75027.7,75027.7,75015.42,75016.11
1789444815,2026-09-15T09:30:15,75021.17,75033.27,75014.98,75028.76
1789444830,2026-09-15T09:30:30,75028.68,75032.62,75023.34,75029.28
1789444845,2026-09-15T09:30:45,75031.21,75034.25,75021.05,75024.27
1789444860,2026-09-15T09:31:00,75021.99,75035.14,75020.25,75020.95
1789444875,2026-09-15T09:31:15,75024.83,75027.75,75015.67,75027.04
1789444890,2026-09-15T09:31:30,75026.55,75026.55,75014.99,75017.12
1789444905,2026-09-15T09:31:45,75016.3,75016.3,74991.69,74991.69
1789444920,2026-09-15T09:32:00,74993.57,74993.57,74975.45,74982.2
1789444935,2026-09-15T09:32:15,74983.74,74987.76,74975.78,74987.76
1789444950,2026-09-15T09:32:30,74988.35,75006.69,74982.45,74999.71
1789444965,2026-09-15T09:32:45,75001.17,75009.03,75000.99,75003.64
1789444980,2026-09-15T09:33:00,75006.38,75008.35,74998.64,75006.41
1789444995,2026-09-15T09:33:15,75003.53,75003.53,74984.98,74988.78
1789445010,2026-09-15T09:33:30,74991.31,74994.64,74981.25,74991.2
1789445025,2026-09-15T09:33:45,74996.4,75009.69,74986.01,75009.69
1789445040,2026-09-15T09:34:00,75013,75020.2,75007.28,75020.2
1789445055,2026-09-15T09:34:15,75023.56,75023.56,75004.88,75010.31
1789445070,2026-09-15T09:34:30,75010.31,75025.16,75009.12,75019.08
1789445085,2026-09-15T09:34:45,75011.17,75022.13,75009.52,75011.8
1789445100,2026-09-15T09:35:00,75011.24,75022.59,75009.75,75022.59
1789445115,2026-09-15T09:35:15,75025.86,75034.91,75019.15,75029.09
1789445130,2026-09-15T09:35:30,75031.33,75038.02,75021.92,75028.06
1789445145,2026-09-15T09:35:45,75023.75,75023.75,75007.88,75015.57
1789445160,2026-09-15T09:36:00,75007.85,75008.27,74989.92,74991.04
1789445175,2026-09-15T09:36:15,74983.7,74990.94,74972.15,74978.13
1789445190,2026-09-15T09:36:30,74978.52,74987.16,74972.03,74986.04
1789445205,2026-09-15T09:36:45,74985.44,74987.21,74976.15,74979
1789445220,2026-09-15T09:37:00,74975.25,74983.97,74969.82,74978.38
1789445235,2026-09-15T09:37:15,74981.75,74990.97,74977.08,74987.94
1789445250,2026-09-15T09:37:30,74992.58,74992.91,74976.16,74987.15
1789445265,2026-09-15T09:37:45,74982.83,74985.81,74972.98,74972.98
1789445280,2026-09-15T09:38:00,74970.48,74983.45,74965.2,74983.38
1789445295,2026-09-15T09:38:15,74982.92,74988.8,74975.48,74978.44
1789445310,2026-09-15T09:38:30,74976.27,74977.54,74965.18,74969.21
1789445325,2026-09-15T09:38:45,74975.29,74979.89,74967.7,74969.68
1789445340,2026-09-15T09:39:00,74969.89,74981.6,74969.29,74973.02
1789445355,2026-09-15T09:39:15,74973.83,74982.57,74973.61,74974.65
1789445370,2026-09-15T09:39:30,74974.73,75003.94,74974.73,75003.94
1789445385,2026-09-15T09:39:45,74998.14,75016.53,74998.14,75016.53
1789445400,2026-09-15T09:40:00,75017.95,75024.1,75012.09,75021.02
1789445415,2026-09-15T09:40:15,75011.69,75022.11,75005.81,75015.04
1789445430,2026-09-15T09:40:30,75017.25,75022.91,75008.12,75022.91
1789445445,2026-09-15T09:40:45,75023.08,75023.08,75014.94,75016.96
1789445460,2026-09-15T09:41:00,75015.1,75015.1,75002.79,75003.23
1789445475,2026-09-15T09:41:15,75004.2,75010.05,74998.23,75005.97
1789445490,2026-09-15T09:41:30,75006.83,75015.95,75004.17,75012
1789445505,2026-09-15T09:41:45,75013.62,75015.07,75006.16,75015.07
1789445520,2026-09-15T09:42:00,75015.13,75019.44,75010.46,75018.66
1789445535,2026-09-15T09:42:15,75022.41,75025.32,75013.26,75013.26
1789445550,2026-09-15T09:42:30,75014.17,75021.47,75012.7,75021.47
1789445565,2026-09-15T09:42:45,75016.89,75020.94,75005.65,75012.03
1789445580,2026-09-15T09:43:00,75015.23,75019.03,75013.22,75013.22
1789445595,2026-09-15T09:43:15,75013.78,75032.02,75013.78,75025.34
1789445610,2026-09-15T09:43:30,75028.9,75042.56,75027.19,75042.56
1789445625,2026-09-15T09:43:45,75044.77,75050.84,75039.62,75044.63
1789445640,2026-09-15T09:44:00,75041.62,75044.06,75035.41,75039.66
1789445655,2026-09-15T09:44:15,75042.22,75052.41,75042.22,75047.2
1789445670,2026-09-15T09:44:30,75040.67,75048.2,75024.59,75024.59
1789445685,2026-09-15T09:44:45,75025.64,75025.64,75004.32,75004.32
1789445700,2026-09-15T09:45:00,75001.78,75001.78,74984.54,74988.96
1789445715,2026-09-15T09:45:15,74986.05,74986.05,74963.33,74965.57
1789445730,2026-09-15T09:45:30,74962.91,74966.26,74956.18,74964.92
1789445745,2026-09-15T09:45:45,74963.63,74972.98,74963.63,74972.98
1789445760,2026-09-15T09:46:00,74975.43,74980.62,74968.16,74976.17
1789445775,2026-09-15T09:46:15,74976.16,74986.22,74976.16,74986.22
1789445790,2026-09-15T09:46:30,74987.35,74987.35,74974.36,74976.21
1789445805,2026-09-15T09:46:45,74973.84,74973.84,74967.41,74973.67
1789445820,2026-09-15T09:47:00,74972.87,74972.87,74965.85,74967.29
1789445835,2026-09-15T09:47:15,74967.1,74980.68,74965.5,74976.59
1789445850,2026-09-15T09:47:30,74981.79,74983.74,74967.8,74967.8
1789445865,2026-09-15T09:47:45,74964.81,74970.23,74946.39,74946.85
1789445880,2026-09-15T09:48:00,74947.75,74958.27,74939.96,74958.27
1789445895,2026-09-15T09:48:15,74953.95,74959.29,74926.75,74926.75
1789445910,2026-09-15T09:48:30,74926.99,74935.39,74924.85,74925.49
1789445925,2026-09-15T09:48:45,74928.57,74944.2,74924.22,74941.81
1789445940,2026-09-15T09:49:00,74934.82,74935.18,74925.53,74928.83
1789445955,2026-09-15T09:49:15,74928.55,74929.8,74913.27,74913.27
1789445970,2026-09-15T09:49:30,74909.33,74913.67,74899.83,74899.83
1789445985,2026-09-15T09:49:45,74900.5,74902.52,74892.14,74895.22
1789446000,2026-09-15T09:50:00,74897.78,74899.26,74890.56,74899.26
1789446015,2026-09-15T09:50:15,74899.64,74913.4,74885.69,74912.3
1789446030,2026-09-15T09:50:30,74911.41,74921.61,74908.58,74921.61
1789446045,2026-09-15T09:50:45,74919.47,74920.69,74910.77,74915.77
1789446060,2026-09-15T09:51:00,74919.91,74919.91,74909.91,74917.86
1789446075,2026-09-15T09:51:15,74918.18,74918.18,74907,74912.43
1789446090,2026-09-15T09:51:30,74910.26,74916.58,74904.33,74906.88
1789446105,2026-09-15T09:51:45,74914.33,74920.03,74904.58,74904.58
1789446120,2026-09-15T09:52:00,74912.24,74915.19,74905.23,74905.23
1789446135,2026-09-15T09:52:15,74904.35,74915.34,74904.35,74911
1789446150,2026-09-15T09:52:30,74907.97,74914.48,74904.2,74904.2
1789446165,2026-09-15T09:52:45,74899.81,74900.2,74872.51,74872.83
1789446180,2026-09-15T09:53:00,74875,74878.57,74870.29,74877.08
1789446195,2026-09-15T09:53:15,74879.57,74886.03,74876.03,74880.11
1789446210,2026-09-15T09:53:30,74888.92,74888.92,74871.85,74878.21
1789446225,2026-09-15T09:53:45,74880.57,74886.77,74878.27,74881.06
1789446240,2026-09-15T09:54:00,74880.99,74888.1,74877.44,74888.1
1789446255,2026-09-15T09:54:15,74886.37,74893.49,74886.36,74893.37
1789446270,2026-09-15T09:54:30,74892.46,74892.46,74880.76,74889.29
1789446285,2026-09-15T09:54:45,74884.16,74884.16,74851.86,74851.86
1789446300,2026-09-15T09:55:00,74851.59,74851.59,74816.25,74816.25
1789446315,2026-09-15T09:55:15,74815.88,74816.55,74806.13,74806.8
1789446330,2026-09-15T09:55:30,74806.05,74808.05,74796.12,74807.37
1789446345,2026-09-15T09:55:45,74801.46,74808.3,74799.34,74807.88
1789446360,2026-09-15T09:56:00,74806.52,74815.13,74804.54,74804.54
1789446375,2026-09-15T09:56:15,74804.56,74805.09,74789.28,74793.9
1789446390,2026-09-15T09:56:30,74796.62,74799.29,74784.4,74792.79
1789446405,2026-09-15T09:56:45,74794.93,74795.47,74784.11,74785.25
1789446420,2026-09-15T09:57:00,74782.11,74786.16,74766.99,74777.65
1789446435,2026-09-15T09:57:15,74780.15,74785.17,74773.85,74774.24
1789446450,2026-09-15T09:57:30,74776.17,74779.25,74771.06,74778.63
1789446465,2026-09-15T09:57:45,74781.42,74781.42,74766.87,74769.68
1789446480,2026-09-15T09:58:00,74772.37,74772.37,74762.25,74762.81
1789446495,2026-09-15T09:58:15,74758.68,74764.21,74754.53,74764.21
1789446510,2026-09-15T09:58:30,74761.63,74771.01,74759.62,74766.09
1789446525,2026-09-15T09:58:45,74762.86,74776.46,74760.71,74775.44
1789446540,2026-09-15T09:59:00,74780.64,74796.79,74780.09,74796.79
1789446555,2026-09-15T09:59:15,74796.57,74808.67,74793.56,74808.38
1789446570,2026-09-15T09:59:30,74804.7,74816.9,74804.18,74816.61
1789446585,2026-09-15T09:59:45,74815.14,74821.92,74814.46,74818.82
1789446600,2026-09-15T10:00:00,74823.14,74823.14,74808.68,74811.41
1789446615,2026-09-15T10:00:15,74809.6,74811.73,74793.89,74793.89
1789446630,2026-09-15T10:00:30,74792.95,74795.04,74778.88,74790.5
1789446645,2026-09-15T10:00:45,74790.74,74794.89,74786.1,74788.24
1789446660,2026-09-15T10:01:00,74790.94,74793.16,74784.01,74787.59
1789446675,2026-09-15T10:01:15,74787.99,74790.75,74775.85,74782.72
1789446690,2026-09-15T10:01:30,74782.66,74783.34,74777.31,74780.54
1789446705,2026-09-15T10:01:45,74774.58,74780.34,74774.58,74777.33
1789446720,2026-09-15T10:02:00,74782.3,74795.3,74780.61,74795.3
1789446735,2026-09-15T10:02:15,74795.12,74802.5,74789.32,74795.74
1789446750,2026-09-15T10:02:30,74796.17,74810.08,74796.17,74805.9
1789446765,2026-09-15T10:02:45,74803.93,74816.31,74803.93,74810.15
1789446780,2026-09-15T10:03:00,74813.14,74816.14,74808.67,74814.5
1789446795,2026-09-15T10:03:15,74808.99,74812.31,74802.19,74802.41
1789446810,2026-09-15T10:03:30,74800.85,74806.61,74794.26,74794.26
1789446825,2026-09-15T10:03:45,74790.58,74793.32,74776.53,74779.32
1789446840,2026-09-15T10:04:00,74778.48,74778.48,74768.06,74768.06
1789446855,2026-09-15T10:04:15,74765.82,74777.11,74765.51,74772.49
1789446870,2026-09-15T10:04:30,74775.55,74783.91,74772.27,74783.9
1789446885,2026-09-15T10:04:45,74780.9,74785.49,74777.55,74785.15
1789446900,2026-09-15T10:05:00,74789.51,74792.84,74781.14,74787.71
1789446915,2026-09-15T10:05:15,74790.33,74807.23,74786.81,74807.23
1789446930,2026-09-15T10:05:30,74807.69,74807.69,74794.34,74800.88
1789446945,2026-09-15T10:05:45,74801.5,74807.36,74799.27,74803.78
1789446960,2026-09-15T10:06:00,74805.08,74809.43,74795.85,74795.85
1789446975,2026-09-15T10:06:15,74801.81,74805.56,74791.35,74797.07
1789446990,2026-09-15T10:06:30,74790.26,74793.19,74782.29,74791.27
1789447005,2026-09-15T10:06:45,74790.96,74790.96,74778.39,74790.74
1789447020,2026-09-15T10:07:00,74786.49,74795.71,74783.66,74784.65
1789447035,2026-09-15T10:07:15,74783.7,74795.21,74779.09,74784.14
1789447050,2026-09-15T10:07:30,74781.67,74785.98,74778.81,74784.32
1789447065,2026-09-15T10:07:45,74784.03,74793.62,74783.09,74792.77
1789447080,2026-09-15T10:08:00,74794.59,74799.56,74791.67,74793.08
1789447095,2026-09-15T10:08:15,74796.94,74808.6,74792.72,74794.5
1789447110,2026-09-15T10:08:30,74792.42,74793.51,74785.99,74787.19
1789447125,2026-09-15T10:08:45,74791,74791,74776.71,74783.85
1789447140,2026-09-15T10:09:00,74782.04,74782.04,74773.26,74779.35
1789447155,2026-09-15T10:09:15,74777.23,74777.23,74764.53,74771.47
1789447170,2026-09-15T10:09:30,74766.75,74774.99,74762.75,74762.75
1789447185,2026-09-15T10:09:45,74763.71,74763.71,74756.97,74758.88
1789447200,2026-09-15T10:10:00,74759.45,74760.51,74753.91,74760.04
1789447215,2026-09-15T10:10:15,74759.66,74759.66,74752.2,74755.73
1789447230,2026-09-15T10:10:30,74755.7,74755.7,74745.78,74747.19
1789447245,2026-09-15T10:10:45,74746.46,74747.62,74738.16,74747.62
1789447260,2026-09-15T10:11:00,74746.07,74765.58,74743.66,74762.83
1789447275,2026-09-15T10:11:15,74766.23,74772.27,74762.11,74772.27
1789447290,2026-09-15T10:11:30,74772.52,74788.88,74771.78,74788.88
1789447305,2026-09-15T10:11:45,74790.74,74812.04,74790.74,74812.04
1789447320,2026-09-15T10:12:00,74808.17,74814.38,74807.32,74807.32
1789447335,2026-09-15T10:12:15,74806.38,74806.38,74791.73,74794.6
1789447350,2026-09-15T10:12:30,74794.6,74801.57,74789.87,74793.75
1789447365,2026-09-15T10:12:45,74793.88,74812.9,74793.88,74811.08
1789447380,2026-09-15T10:13:00,74807.6,74817.06,74807.23,74813.34
1789447395,2026-09-15T10:13:15,74814.08,74817.28,74807.82,74815.07
1789447410,2026-09-15T10:13:30,74815.51,74822.79,74810.57,74810.57
1789447425,2026-09-15T10:13:45,74809.94,74815.78,74807.78,74811.79
1789447440,2026-09-15T10:14:00,74817.39,74817.39,74808.58,74808.93
1789447455,2026-09-15T10:14:15,74808.04,74809.07,74804.75,74808.46
1789447470,2026-09-15T10:14:30,74810.22,74810.22,74796,74806.67
1789447485,2026-09-15T10:14:45,74806.82,74806.94,74793.63,74793.63
1789447500,2026-09-15T10:15:00,74790.63,74796.69,74787.45,74792.13
1789447515,2026-09-15T10:15:15,74793.76,74795.33,74774.73,74774.73
1789447530,2026-09-15T10:15:30,74773.35,74777.31,74763.76,74777.31
1789447545,2026-09-15T10:15:45,74770.48,74771.89,74763.6,74764.02
1789447560,2026-09-15T10:16:00,74765.71,74773.97,74765.71,74773.97
1789447575,2026-09-15T10:16:15,74774.7,74787.08,74774.7,74785.01
1789447590,2026-09-15T10:16:30,74782.13,74787.1,74779.07,74785.83
1789447605,2026-09-15T10:16:45,74782.91,74784.36,74770.65,74772.31
1789447620,2026-09-15T10:17:00,74768.45,74775.44,74762.37,74762.37
1789447635,2026-09-15T10:17:15,74761.02,74764.28,74752.14,74759.79
1789447650,2026-09-15T10:17:30,74761.93,74778.14,74754.59,74778.14
1789447665,2026-09-15T10:17:45,74774.58,74778.68,74772.67,74776.43
1789447680,2026-09-15T10:18:00,74775.98,74787.7,74775.98,74785.58
1789447695,2026-09-15T10:18:15,74786.05,74788.71,74783.26,74787.1
1789447710,2026-09-15T10:18:30,74786.39,74800.31,74786.39,74794.78
1789447725,2026-09-15T10:18:45,74797.82,74813.54,74797.77,74813.53
1789447740,2026-09-15T10:19:00,74810.49,74810.61,74794.41,74795.04
1789447755,2026-09-15T10:19:15,74793.64,74799.47,74790.26,74798.06
1789447770,2026-09-15T10:19:30,74794.26,74804.08,74794.26,74804.08
1789447785,2026-09-15T10:19:45,74803.05,74809.04,74799.78,74809.04
1789447800,2026-09-15T10:20:00,74803.33,74803.33,74792.78,74800.55
1789447815,2026-09-15T10:20:15,74801.72,74801.72,74782.43,74782.59
1789447830,2026-09-15T10:20:30,74781.57,74781.57,74775.83,74780.86
1789447845,2026-09-15T10:20:45,74779.42,74780.16,74756.61,74761.74
1789447860,2026-09-15T10:21:00,74759.11,74759.11,74745.75,74746.04
1789447875,2026-09-15T10:21:15,74745.17,74745.17,74735.16,74736.38
1789447890,2026-09-15T10:21:30,74740.09,74747.7,74740.09,74742.01
1789447905,2026-09-15T10:21:45,74742.73,74756.44,74739.31,74756.44
1789447920,2026-09-15T10:22:00,74756.68,74768.14,74752.47,74765.77
1789447935,2026-09-15T10:22:15,74765.42,74771.54,74759.35,74768.22
1789447950,2026-09-15T10:22:30,74766.55,74774.97,74763.89,74773.56
1789447965,2026-09-15T10:22:45,74774.59,74780.92,74770.83,74774.19
1789447980,2026-09-15T10:23:00,74775.8,74775.8,74752.59,74752.59
1789447995,2026-09-15T10:23:15,74756.3,74757.65,74747.41,74757.65
1789448010,2026-09-15T10:23:30,74758.23,74765.85,74753.73,74765.6
1789448025,2026-09-15T10:23:45,74764.9,74774.19,74764.9,74771.15
1789448040,2026-09-15T10:24:00,74770.91,74771.52,74766.96,74767.22
1789448055,2026-09-15T10:24:15,74767.19,74776.67,74767.19,74776.67
1789448070,2026-09-15T10:24:30,74777.32,74779.19,74772.11,74773.41
1789448085,2026-09-15T10:24:45,74770.13,74777.52,74770.13,74771.82
1789448100,2026-09-15T10:25:00,74770.77,74773.74,74760.43,74764.07
1789448115,2026-09-15T10:25:15,74760.15,74769.47,74760.15,74768.45
1789448130,2026-09-15T10:25:30,74768.82,74768.82,74757.4,74757.57
1789448145,2026-09-15T10:25:45,74758.81,74763,74752.37,74752.91
1789448160,2026-09-15T10:26:00,74757.14,74759.78,74755.19,74759.78
1789448175,2026-09-15T10:26:15,74759.43,74759.43,74752.39,74755.3
1789448190,2026-09-15T10:26:30,74759.03,74765.89,74753.57,74765.89
1789448205,2026-09-15T10:26:45,74772.16,74781.3,74771.68,74776.45
1789448220,2026-09-15T10:27:00,74778.21,74782.97,74775.47,74777.69
1789448235,2026-09-15T10:27:15,74775.53,74781.68,74775.53,74775.53
1789448250,2026-09-15T10:27:30,74776.98,74776.98,74768.41,74774.88
1789448265,2026-09-15T10:27:45,74779.12,74780.15,74769.21,74769.48
1789448280,2026-09-15T10:28:00,74763.27,74763.27,74751.21,74751.29
1789448295,2026-09-15T10:28:15,74751.54,74753.16,74747.23,74747.26
1789448310,2026-09-15T10:28:30,74749.08,74749.45,74738.39,74738.39
1789448325,2026-09-15T10:28:45,74736.48,74737.77,74729.7,74732.1
1789448340,2026-09-15T10:29:00,74735.14,74736.09,74725.07,74725.25
1789448355,2026-09-15T10:29:15,74720.2,74728.59,74719.48,74723.28
1789448370,2026-09-15T10:29:30,74724.91,74731.75,74724.08,74728.55
1789448385,2026-09-15T10:29:45,74723.91,74723.91,74714.53,74717.51
1789448400,2026-09-15T10:30:00,74715.98,74718.21,74698.08,74698.33
1789448415,2026-09-15T10:30:15,74697,74702.02,74690.69,74693.35
1789448430,2026-09-15T10:30:30,74690.18,74701.99,74690.18,74698.26
1789448445,2026-09-15T10:30:45,74701.21,74715.87,74701.21,74715.25
1789448460,2026-09-15T10:31:00,74718.72,74735.52,74718.43,74735.2
1789448475,2026-09-15T10:31:15,74740.69,74742.6,74726.64,74729.17
1789448490,2026-09-15T10:31:30,74732.98,74732.98,74715.44,74717.43
1789448505,2026-09-15T10:31:45,74720.77,74721.08,74715.7,74715.7
1789448520,2026-09-15T10:32:00,74716.9,74716.9,74705.8,74706.22
1789448535,2026-09-15T10:32:15,74707.36,74710.07,74701.57,74706.24
1789448550,2026-09-15T10:32:30,74702.69,74706.44,74701.42,74702.94
1789448565,2026-09-15T10:32:45,74707.75,74714.51,74707.75,74714.43
1789448580,2026-09-15T10:33:00,74712.85,74718.52,74708.19,74718.52
1789448595,2026-09-15T10:33:15,74719.02,74723.48,74717.97,74722.1
1789448610,2026-09-15T10:33:30,74723.21,74725.97,74719.92,74721.6
1789448625,2026-09-15T10:33:45,74722.52,74729.29,74721.76,74723.55
1789448640,2026-09-15T10:34:00,74724.43,74727.59,74719.58,74721.87
1789448655,2026-09-15T10:34:15,74727.68,74727.68,74716.85,74720.04
1789448670,2026-09-15T10:34:30,74721.18,74723.79,74718.14,74721.16
1789448685,2026-09-15T10:34:45,74719.42,74720.75,74715.41,74718.05
1789448700,2026-09-15T10:35:00,74720.81,74722.61,74718.2,74722.61
1789448715,2026-09-15T10:35:15,74721.65,74728.6,74721.65,74728.6
1789448730,2026-09-15T10:35:30,74729.31,74732.34,74728.02,74730.33
1789448745,2026-09-15T10:35:45,74732.63,74738.54,74732.63,74733.9
1789448760,2026-09-15T10:36:00,74733.92,74738.39,74732.01,74734.07
1789448775,2026-09-15T10:36:15,74734.22,74739.37,74734.22,74739.37
1789448790,2026-09-15T10:36:30,74740.54,74748.85,74738.74,74748.85
1789448805,2026-09-15T10:36:45,74749.75,74756.24,74746.2,74756.24
1789448820,2026-09-15T10:37:00,74755.65,74758.04,74753.39,74757.33
1789448835,2026-09-15T10:37:15,74757.07,74758.23,74753.98,74758.05
1789448850,2026-09-15T10:37:30,74756.83,74756.83,74749.04,74749.04
1789448865,2026-09-15T10:37:45,74748.03,74755.82,74744.99,74755.82
1789448880,2026-09-15T10:38:00,74755.53,74760.07,74753.64,74754.44
1789448895,2026-09-15T10:38:15,74753.03,74756.54,74747.9,74754.43
1789448910,2026-09-15T10:38:30,74753.67,74753.67,74749.22,74749.84
1789448925,2026-09-15T10:38:45,74748.66,74750.68,74743.27,74743.27
1789448940,2026-09-15T10:39:00,74744.58,74746.01,74740.54,74742.45
1789448955,2026-09-15T10:39:15,74741.87,74744.5,74737.65,74741.27
1789448970,2026-09-15T10:39:30,74746.14,74751.83,74743.74,74749.08
1789448985,2026-09-15T10:39:45,74748.09,74751.1,74745.49,74746.82
1789449000,2026-09-15T10:40:00,74747.96,74748.11,74739.19,74739.34
1789449015,2026-09-15T10:40:15,74738.51,74747.42,74738.51,74743.81
1789449030,2026-09-15T10:40:30,74747.71,74749.82,74743.53,74744.7
1789449045,2026-09-15T10:40:45,74746.89,74746.89,74734.77,74738.12
1789449060,2026-09-15T10:41:00,74737.97,74737.97,74722.16,74722.16
1789449075,2026-09-15T10:41:15,74725.22,74732.97,74723.77,74732.97
1789449090,2026-09-15T10:41:30,74730.36,74743.63,74730.36,74739.74
1789449105,2026-09-15T10:41:45,74739.24,74745.42,74739.24,74742.26
1789449120,2026-09-15T10:42:00,74742.26,74742.8,74735.53,74735.53
1789449135,2026-09-15T10:42:15,74736.32,74738.47,74727.1,74729.63
1789449150,2026-09-15T10:42:30,74730.2,74733.1,74725.05,74725.05
1789449165,2026-09-15T10:42:45,74724.31,74731.96,74724.31,74730.51
1789449180,2026-09-15T10:43:00,74730.08,74730.59,74723.85,74723.85
1789449195,2026-09-15T10:43:15,74717.14,74717.44,74702.81,74702.81
1789449210,2026-09-15T10:43:30,74701.57,74701.57,74681.91,74688.99
1789449225,2026-09-15T10:43:45,74691.05,74701.13,74688.66,74698.86
1789449240,2026-09-15T10:44:00,74699.78,74700.61,74694.01,74694.27
1789449255,2026-09-15T10:44:15,74691.14,74697.72,74690.56,74696.55
1789449270,2026-09-15T10:44:30,74696.05,74701.34,74689.6,74696.81
1789449285,2026-09-15T10:44:45,74698.65,74698.65,74689,74692.37
1789449300,2026-09-15T10:45:00,74693.07,74697.78,74688.44,74692.61
1789449315,2026-09-15T10:45:15,74692.89,74693.04,74687.25,74692.94
1789449330,2026-09-15T10:45:30,74691.08,74692.96,74688.03,74690.42
1789449345,2026-09-15T10:45:45,74687.06,74698.73,74687.06,74698.04
1789449360,2026-09-15T10:46:00,74698.53,74698.53,74687.07,74687.81
1789449375,2026-09-15T10:46:15,74687.58,74691.29,74685.92,74689.62
1789449390,2026-09-15T10:46:30,74689.88,74689.88,74673.6,74676.02
1789449405,2026-09-15T10:46:45,74678.73,74678.73,74656.03,74656.03
1789449420,2026-09-15T10:47:00,74657.17,74659.51,74655.32,74659.51
1789449435,2026-09-15T10:47:15,74666.51,74680.23,74666.51,74674.78
1789449450,2026-09-15T10:47:30,74671.56,74677.64,74671.56,74675.18
1789449465,2026-09-15T10:47:45,74675.11,74676.85,74669.43,74673.24
1789449480,2026-09-15T10:48:00,74672.78,74676.56,74664.04,74674.54
1789449495,2026-09-15T10:48:15,74675.92,74684.93,74675.92,74680.77
1789449510,2026-09-15T10:48:30,74681.21,74684.34,74680.72,74683.79
1789449525,2026-09-15T10:48:45,74675.22,74678.05,74671.77,74676.1
1789449540,2026-09-15T10:49:00,74676.36,74676.36,74667.37,74668.47
1789449555,2026-09-15T10:49:15,74668,74678.22,74666.52,74671.9
1789449570,2026-09-15T10:49:30,74671.41,74671.41,74656.88,74657.02
1789449585,2026-09-15T10:49:45,74656.53,74658.37,74644.27,74644.27
1789449600,2026-09-15T10:50:00,74644.67,74651.7,74640.96,74651.17
1789449615,2026-09-15T10:50:15,74651.23,74662.66,74651.23,74658.65
1789449630,2026-09-15T10:50:30,74658.31,74670.89,74657.37,74667.7
1789449645,2026-09-15T10:50:45,74672.2,74677.12,74670.31,74674.31
1789449660,2026-09-15T10:51:00,74673.9,74676.92,74661.29,74666.15
1789449675,2026-09-15T10:51:15,74666.5,74666.5,74654.74,74657.49
1789449690,2026-09-15T10:51:30,74656.64,74656.64,74644.7,74646
1789449705,2026-09-15T10:51:45,74644.43,74644.43,74626.01,74626.01
1789449720,2026-09-15T10:52:00,74623.59,74626.44,74620.53,74623.08
1789449735,2026-09-15T10:52:15,74620.88,74628.28,74620.88,74628.28
1789449750,2026-09-15T10:52:30,74625.5,74625.5,74619.94,74620.52
1789449765,2026-09-15T10:52:45,74620.07,74630.12,74618.91,74628.31
1789449780,2026-09-15T10:53:00,74628.63,74628.66,74623.92,74626.27
1789449795,2026-09-15T10:53:15,74624.97,74627.79,74624.18,74627.29
1789449810,2026-09-15T10:53:30,74627.22,74632.46,74625.07,74625.58
1789449825,2026-09-15T10:53:45,74623.87,74627,74621.23,74624.98
1789449840,2026-09-15T10:54:00,74624.65,74635.36,74623.9,74632.61
1789449855,2026-09-15T10:54:15,74635.85,74637.08,74628.94,74637.08
1789449870,2026-09-15T10:54:30,74637.08,74642.69,74629.9,74629.96
1789449885,2026-09-15T10:54:45,74629.81,74637.2,74627.05,74629.8
1789449900,2026-09-15T10:55:00,74633.33,74637.29,74623.67,74624.29
1789449915,2026-09-15T10:55:15,74623.11,74626.61,74621.9,74621.9
1789449930,2026-09-15T10:55:30,74620.56,74627.32,74614.65,74614.65
1789449945,2026-09-15T10:55:45,74614.5,74617.88,74611.53,74613.94
1789449960,2026-09-15T10:56:00,74612.9,74621.35,74612.89,74614.47
1789449975,2026-09-15T10:56:15,74613.75,74621.87,74613.75,74619.73
1789449990,2026-09-15T10:56:30,74613.84,74623.57,74613.84,74619.19
1789450005,2026-09-15T10:56:45,74619.86,74621.7,74610.06,74611.08
1789450020,2026-09-15T10:57:00,74609.96,74613.25,74605.39,74610.98
1789450035,2026-09-15T10:57:15,74611.51,74619.94,74611.51,74618.48
1789450050,2026-09-15T10:57:30,74617.87,74621.67,74610.14,74617.37
1789450065,2026-09-15T10:57:45,74619.58,74622.1,74613.91,74615.07
1789450080,2026-09-15T10:58:00,74618.34,74619.91,74608.4,74611.41
1789450095,2026-09-15T10:58:15,74607.39,74628.17,74607.11,74627.95
1789450110,2026-09-15T10:58:30,74626.78,74626.78,74613.79,74618.78
1789450125,2026-09-15T10:58:45,74622.39,74631.25,74620.06,74624.94
1789450140,2026-09-15T10:59:00,74624.99,74631.76,74622.3,74626.06
1789450155,2026-09-15T10:59:15,74625.26,74626.2,74620.41,74621.72
1789450170,2026-09-15T10:59:30,74622.33,74634,74622.33,74634
1789450185,2026-09-15T10:59:45,74634.08,74648.38,74634.08,74647.69
1789450200,2026-09-15T11:00:00,74649.24,74649.77,74642.5,74642.5
1789450215,2026-09-15T11:00:15,74644.89,74650.15,74644.89,74645.66
1789450230,2026-09-15T11:00:30,74645.66,74647.72,74635.52,74635.52
1789450245,2026-09-15T11:00:45,74635.52,74640.84,74635.52,74638.2
1789450260,2026-09-15T11:01:00,74639.43,74639.64,74634.16,74635.6
1789450275,2026-09-15T11:01:15,74638.91,74644.96,74637.17,74644.96
1789450290,2026-09-15T11:01:30,74644.68,74668.12,74641.79,74665.01
1789450305,2026-09-15T11:01:45,74668.31,74687.11,74668.31,74684.57
1789450320,2026-09-15T11:02:00,74684.13,74686.43,74681.79,74681.79
1789450335,2026-09-15T11:02:15,74691.88,74696.7,74691.32,74692.39
1789450350,2026-09-15T11:02:30,74691.57,74707.06,74691.18,74707.06
1789450365,2026-09-15T11:02:45,74709.74,74728.48,74709.74,74724.88
1789450380,2026-09-15T11:03:00,74719.16,74724.43,74716.93,74721.65
1789450395,2026-09-15T11:03:15,74722.81,74722.81,74712.56,74717.76
1789450410,2026-09-15T11:03:30,74714.18,74719.24,74704.12,74704.12
1789450425,2026-09-15T11:03:45,74708.02,74709.12,74693.96,74694.31
1789450440,2026-09-15T11:04:00,74694.65,74705.95,74694.65,74696.14
1789450455,2026-09-15T11:04:15,74697.68,74699.84,74685.97,74694.74
1789450470,2026-09-15T11:04:30,74690.04,74701.31,74690.04,74694.91
1789450485,2026-09-15T11:04:45,74698.88,74709.69,74698.88,74705.93
1789450500,2026-09-15T11:05:00,74709.71,74717.07,74704.61,74704.61
1789450515,2026-09-15T11:05:15,74705.04,74711.23,74702.84,74704.38
1789450530,2026-09-15T11:05:30,74705.03,74705.2,74697.3,74702.29
1789450545,2026-09-15T11:05:45,74701.53,74702,74691.37,74691.53
1789450560,2026-09-15T11:06:00,74694.37,74697.9,74678.87,74678.87
1789450575,2026-09-15T11:06:15,74675.53,74689.97,74675.53,74688.79
1789450590,2026-09-15T11:06:30,74688.34,74689.73,74681.92,74681.92
1789450605,2026-09-15T11:06:45,74686.74,74692.72,74684.62,74690.74
1789450620,2026-09-15T11:07:00,74690.09,74690.09,74673.6,74677
1789450635,2026-09-15T11:07:15,74675.95,74675.95,74671.22,74675.04
1789450650,2026-09-15T11:07:30,74676.13,74677.63,74652.25,74653.27
1789450665,2026-09-15T11:07:45,74654.59,74654.59,74644.46,74646.45
1789450680,2026-09-15T11:08:00,74645.37,74650.27,74638.47,74641.61
1789450695,2026-09-15T11:08:15,74641.22,74643.67,74632.62,74632.62
1789450710,2026-09-15T11:08:30,74632.17,74643.33,74632.17,74643.05
1789450725,2026-09-15T11:08:45,74641.57,74645.92,74639.41,74644.41
1789450740,2026-09-15T11:09:00,74644.76,74650.9,74643.22,74643.52
1789450755,2026-09-15T11:09:15,74642.84,74649.43,74639.04,74641.86
1789450770,2026-09-15T11:09:30,74643.08,74645.85,74638.09,74638.09
1789450785,2026-09-15T11:09:45,74637.03,74640.72,74636.6,74637.92
1789450800,2026-09-15T11:10:00,74637.92,74637.92,74627.12,74628.5
1789450815,2026-09-15T11:10:15,74626.35,74626.35,74608.98,74614.73
1789450830,2026-09-15T11:10:30,74616.29,74635.08,74616.29,74634
1789450845,2026-09-15T11:10:45,74635.36,74636.23,74629.11,74629.11
1789450860,2026-09-15T11:11:00,74626.52,74650.01,74626.52,74650.01
1789450875,2026-09-15T11:11:15,74649.21,74671.74,74649.21,74668.2
1789450890,2026-09-15T11:11:30,74668.85,74680.57,74665.29,74676.87
1789450905,2026-09-15T11:11:45,74678,74693.13,74674.72,74674.72
1789450920,2026-09-15T11:12:00,74677.12,74681.75,74671.32,74671.32
1789450935,2026-09-15T11:12:15,74672.59,74672.59,74664.18,74668.64
1789450950,2026-09-15T11:12:30,74667.63,74667.63,74657.29,74664.92
1789450965,2026-09-15T11:12:45,74664.92,74669.29,74664.92,74666.78
1789450980,2026-09-15T11:13:00,74671.35,74676.77,74669.22,74674.22
1789450995,2026-09-15T11:13:15,74667.87,74671.17,74656.17,74656.17
1789451010,2026-09-15T11:13:30,74656.27,74659.3,74647.76,74659.3
1789451025,2026-09-15T11:13:45,74659.68,74660.34,74643.38,74650.68
1789451040,2026-09-15T11:14:00,74651.14,74664.65,74650.23,74661.7
1789451055,2026-09-15T11:14:15,74662.61,74675.3,74660.55,74673.84
1789451070,2026-09-15T11:14:30,74675.69,74681.15,74671.64,74671.64
1789451085,2026-09-15T11:14:45,74673.35,74675.6,74667.66,74667.66
1789451100,2026-09-15T11:15:00,74667.76,74690.13,74667.76,74690.13
1789451115,2026-09-15T11:15:15,74689.14,74691.06,74685.41,74685.41
1789451130,2026-09-15T11:15:30,74685.03,74693.84,74685.03,74693.64
1789451145,2026-09-15T11:15:45,74696.95,74701,74692.78,74697.41
1789451160,2026-09-15T11:16:00,74700.41,74709.17,74695.12,74695.12
1789451175,2026-09-15T11:16:15,74695.75,74695.75,74676.55,74676.55
1789451190,2026-09-15T11:16:30,74680.03,74682.24,74659.37,74659.37
1789451205,2026-09-15T11:16:45,74665.35,74667.37,74652.81,74654.66
1789451220,2026-09-15T11:17:00,74653.57,74659.42,74649.45,74658.26
1789451235,2026-09-15T11:17:15,74658.89,74658.89,74646.89,74650.72
1789451250,2026-09-15T11:17:30,74650.91,74652.63,74638.4,74643.79
1789451265,2026-09-15T11:17:45,74644.09,74645.96,74641.01,74642.11
1789451280,2026-09-15T11:18:00,74643.03,74646.03,74639.39,74640.65
1789451295,2026-09-15T11:18:15,74640.09,74647.33,74636.44,74643.93
1789451310,2026-09-15T11:18:30,74643.15,74645.41,74637.91,74637.91
1789451325,2026-09-15T11:18:45,74638.63,74641.78,74635.41,74641.13
1789451340,2026-09-15T11:19:00,74634.66,74634.66,74623.21,74623.21
1789451355,2026-09-15T11:19:15,74622.41,74625.86,74617.45,74617.57
1789451370,2026-09-15T11:19:30,74617.47,74617.47,74609.4,74613.51
1789451385,2026-09-15T11:19:45,74615.19,74621.49,74611.55,74621.49
1789451400,2026-09-15T11:20:00,74621.71,74622.99,74611.09,74611.31
1789451415,2026-09-15T11:20:15,74615.69,74618.18,74609.74,74614.02
1789451430,2026-09-15T11:20:30,74614.25,74614.82,74601.67,74601.67
1789451445,2026-09-15T11:20:45,74602.42,74604.2,74596.15,74598.98
1789451460,2026-09-15T11:21:00,74602.26,74603.64,74597.89,74597.89
1789451475,2026-09-15T11:21:15,74601.75,74603.39,74595.22,74595.5
1789451490,2026-09-15T11:21:30,74595.78,74602.32,74594.54,74596.15
1789451505,2026-09-15T11:21:45,74596.3,74611.16,74596.3,74611.16
1789451520,2026-09-15T11:22:00,74612.25,74620.01,74612.15,74617.56
1789451535,2026-09-15T11:22:15,74619.92,74631.24,74619.92,74626.11
1789451550,2026-09-15T11:22:30,74632.31,74632.93,74627.76,74627.95
1789451565,2026-09-15T11:22:45,74627.94,74631.64,74624.49,74627.48
1789451580,2026-09-15T11:23:00,74629.35,74633.32,74626.62,74631.82
1789451595,2026-09-15T11:23:15,74631.42,74639.62,74630.03,74635.4
1789451610,2026-09-15T11:23:30,74636.53,74639.14,74630.93,74630.93
1789451625,2026-09-15T11:23:45,74632.27,74634.31,74629.51,74630.34
1789451640,2026-09-15T11:24:00,74634.13,74643.09,74632.27,74642.04
1789451655,2026-09-15T11:24:15,74646.63,74648.72,74638.42,74641.74
1789451670,2026-09-15T11:24:30,74638.85,74645.49,74634.3,74636.15
1789451685,2026-09-15T11:24:45,74636.15,74641.1,74629.25,74634.24
1789451700,2026-09-15T11:25:00,74634.23,74634.82,74630.69,74632.85
1789451715,2026-09-15T11:25:15,74635.46,74641.73,74631.38,74632.7
1789451730,2026-09-15T11:25:30,74638.58,74638.58,74622.81,74623.38
1789451745,2026-09-15T11:25:45,74625.98,74628.82,74610.97,74611.55
1789451760,2026-09-15T11:26:00,74610.62,74612.37,74601.96,74612.37
1789451775,2026-09-15T11:26:15,74613.01,74618.39,74607.13,74618.39
1789451790,2026-09-15T11:26:30,74614.82,74617.52,74606.64,74606.64
1789451805,2026-09-15T11:26:45,74606.13,74607.7,74594.74,74594.74
1789451820,2026-09-15T11:27:00,74594.8,74600.08,74591.65,74598.29
1789451835,2026-09-15T11:27:15,74596.96,74600.18,74589.18,74599.19
1789451850,2026-09-15T11:27:30,74602.26,74602.26,74594.57,74598.9
1789451865,2026-09-15T11:27:45,74599.08,74599.83,74595.78,74595.78
1789451880,2026-09-15T11:28:00,74595.4,74598.15,74594.02,74594.06
1789451895,2026-09-15T11:28:15,74600.08,74600.75,74594.72,74600.75
1789451910,2026-09-15T11:28:30,74601.05,74604.03,74596.34,74597.06
1789451925,2026-09-15T11:28:45,74596.65,74598.16,74587.68,74587.68
1789451940,2026-09-15T11:29:00,74585.86,74592.53,74585.3,74592.53
1789451955,2026-09-15T11:29:15,74592.55,74596.78,74590.45,74592.62
1789451970,2026-09-15T11:29:30,74592.47,74594.86,74592.16,74594.86
1789451985,2026-09-15T11:29:45,74596.59,74602.27,74593.81,74600.29
1789452000,2026-09-15T11:30:00,74598.58,74613.92,74598.58,74613.92
1789452015,2026-09-15T11:30:15,74614.42,74615.64,74608.86,74614.28
1789452030,2026-09-15T11:30:30,74613.52,74613.52,74590.92,74590.92
1789452045,2026-09-15T11:30:45,74596.76,74596.76,74586.49,74589.87
1789452060,2026-09-15T11:31:00,74588.53,74594.37,74587.73,74589.38
1789452075,2026-09-15T11:31:15,74596.13,74605.07,74594.5,74604.95
1789452090,2026-09-15T11:31:30,74604.95,74605.35,74600.91,74601.64
1789452105,2026-09-15T11:31:45,74602.39,74604.84,74597.64,74598.68
1789452120,2026-09-15T11:32:00,74604.47,74606.62,74598.06,74606.62
1789452135,2026-09-15T11:32:15,74608.51,74621.86,74608.51,74621.83
1789452150,2026-09-15T11:32:30,74624.15,74626.55,74616.94,74621.83
1789452165,2026-09-15T11:32:45,74623.46,74631.39,74617.25,74617.25
1789452180,2026-09-15T11:33:00,74617.95,74625.84,74617.95,74623.82
1789452195,2026-09-15T11:33:15,74623.82,74624.54,74610.39,74617.95
1789452210,2026-09-15T11:33:30,74617.95,74623.41,74615.4,74616.05
1789452225,2026-09-15T11:33:45,74613.49,74621.44,74613.49,74620.56
1789452240,2026-09-15T11:34:00,74620.66,74628.08,74617.24,74628.08
1789452255,2026-09-15T11:34:15,74628.08,74632.48,74623.35,74625.96
1789452270,2026-09-15T11:34:30,74630.87,74631.4,74621.87,74626.82
1789452285,2026-09-15T11:34:45,74628.24,74630.19,74624.83,74624.95
1789452300,2026-09-15T11:35:00,74626.29,74628.57,74622.59,74627.46
1789452315,2026-09-15T11:35:15,74627.02,74629.79,74624.18,74627.67
1789452330,2026-09-15T11:35:30,74628.98,74637.09,74628.98,74635.18
1789452345,2026-09-15T11:35:45,74638.22,74638.46,74631.49,74637.14
1789452360,2026-09-15T11:36:00,74637.19,74642.11,74635.05,74642.11
1789452375,2026-09-15T11:36:15,74643.17,74648.37,74643.17,74647.54
1789452390,2026-09-15T11:36:30,74647.59,74658.13,74647.59,74657.37
1789452405,2026-09-15T11:36:45,74661.43,74667.71,74658.7,74663.91
1789452420,2026-09-15T11:37:00,74661,74667.82,74660.66,74662.47
1789452435,2026-09-15T11:37:15,74666.15,74671.36,74663.18,74665.86
1789452450,2026-09-15T11:37:30,74665.6,74666.88,74659.32,74662.76
1789452465,2026-09-15T11:37:45,74661.87,74666.57,74659.98,74661.25
1789452480,2026-09-15T11:38:00,74659.97,74669.45,74657.61,74668.27
1789452495,2026-09-15T11:38:15,74670.89,74681.73,74670.89,74681.27
1789452510,2026-09-15T11:38:30,74686.11,74686.11,74679.27,74684.58
1789452525,2026-09-15T11:38:45,74686.91,74688.74,74686.4,74687.71
1789452540,2026-09-15T11:39:00,74689.31,74692.95,74685.21,74692.95
1789452555,2026-09-15T11:39:15,74693.4,74695.8,74688.98,74691.22
1789452570,2026-09-15T11:39:30,74692.93,74694.27,74684.27,74694.14
1789452585,2026-09-15T11:39:45,74693.12,74696.3,74688.63,74695.76
1789452600,2026-09-15T11:40:00,74695.32,74700.2,74688.18,74690.56
1789452615,2026-09-15T11:40:15,74694.29,74696.88,74676.93,74676.93
1789452630,2026-09-15T11:40:30,74678.38,74678.38,74662.77,74666.52
1789452645,2026-09-15T11:40:45,74667.27,74670.77,74665.14,74667.65
1789452660,2026-09-15T11:41:00,74667.69,74674.22,74667.69,74671.47
1789452675,2026-09-15T11:41:15,74671.24,74675.36,74669.17,74675.36
1789452690,2026-09-15T11:41:30,74677.27,74677.27,74663.04,74666.97
1789452705,2026-09-15T11:41:45,74668.63,74673.71,74667.35,74668.79
1789452720,2026-09-15T11:42:00,74670.01,74673.51,74662.12,74665.72
1789452735,2026-09-15T11:42:15,74666.5,74666.62,74660.46,74661.67
1789452750,2026-09-15T11:42:30,74663.35,74663.69,74657.23,74657.23
1789452765,2026-09-15T11:42:45,74656.49,74657.96,74654.12,74655.12
1789452780,2026-09-15T11:43:00,74655.68,74655.68,74650.55,74650.61
1789452795,2026-09-15T11:43:15,74653.58,74658.25,74651.18,74654.95
1789452810,2026-09-15T11:43:30,74654.87,74671.63,74653.76,74669.06
1789452825,2026-09-15T11:43:45,74664.96,74668.73,74664.96,74666.73
1789452840,2026-09-15T11:44:00,74666.16,74677,74665.63,74676.55
1789452855,2026-09-15T11:44:15,74675.7,74685.87,74675.23,74677.02
1789452870,2026-09-15T11:44:30,74680.71,74682.11,74671.61,74679.19
1789452885,2026-09-15T11:44:45,74676.28,74682.12,74675.04,74679.59
1789452900,2026-09-15T11:45:00,74679.02,74684.33,74674.99,74677.96
1789452915,2026-09-15T11:45:15,74680.73,74680.73,74668.43,74670.39
1789452930,2026-09-15T11:45:30,74674.85,74675.94,74669.2,74675.03
1789452945,2026-09-15T11:45:45,74676.51,74679.84,74671.2,74671.7
1789452960,2026-09-15T11:46:00,74672.2,74681.19,74670.57,74681.19
1789452975,2026-09-15T11:46:15,74681.13,74681.13,74670.13,74671.68
1789452990,2026-09-15T11:46:30,74670.5,74674.81,74669.41,74669.41
1789453005,2026-09-15T11:46:45,74669.97,74672.55,74665.73,74665.73
1789453020,2026-09-15T11:47:00,74668.9,74672.54,74665.54,74667.62
1789453035,2026-09-15T11:47:15,74667.47,74675.3,74667.1,74670.75
1789453050,2026-09-15T11:47:30,74670.32,74678.02,74669.29,74678.02
1789453065,2026-09-15T11:47:45,74677.17,74679.51,74672.29,74672.29
1789453080,2026-09-15T11:48:00,74671.33,74675.32,74669.94,74672.91
1789453095,2026-09-15T11:48:15,74672.54,74678.58,74672.14,74677.14
1789453110,2026-09-15T11:48:30,74677.14,74682.33,74675.59,74680.24
1789453125,2026-09-15T11:48:45,74681.45,74688.57,74681.45,74685.56
1789453140,2026-09-15T11:49:00,74686.31,74689.12,74685.43,74686.94
1789453155,2026-09-15T11:49:15,74686.94,74686.94,74679.07,74679.8
1789453170,2026-09-15T11:49:30,74679.8,74681.78,74664.13,74664.13
1789453185,2026-09-15T11:49:45,74662.44,74662.78,74653.85,74657.9
1789453200,2026-09-15T11:50:00,74657.41,74657.41,74641.68,74641.68
1789453215,2026-09-15T11:50:15,74643.84,74650.98,74642.93,74647.48
1789453230,2026-09-15T11:50:30,74647.48,74649.03,74641.85,74645.25
1789453245,2026-09-15T11:50:45,74649,74649.4,74638.46,74639.29
1789453260,2026-09-15T11:51:00,74638.96,74646.24,74637.51,74644.29
1789453275,2026-09-15T11:51:15,74647.24,74654.91,74647.24,74652.32
1789453290,2026-09-15T11:51:30,74652.73,74657.49,74650.09,74657.49
1789453305,2026-09-15T11:51:45,74657.49,74658.96,74654.04,74654.04
1789453320,2026-09-15T11:52:00,74653.9,74654.97,74649.38,74649.38
1789453335,2026-09-15T11:52:15,74651.17,74654.05,74642.95,74643.06
1789453350,2026-09-15T11:52:30,74644.49,74646.69,74641.67,74645.08
1789453365,2026-09-15T11:52:45,74645.53,74645.53,74627.99,74627.99
1789453380,2026-09-15T11:53:00,74627.99,74628.61,74622.03,74627.35
1789453395,2026-09-15T11:53:15,74624.66,74630.24,74623.03,74629.62
1789453410,2026-09-15T11:53:30,74629.15,74629.15,74621.59,74624.1
1789453425,2026-09-15T11:53:45,74626.23,74629.56,74616.02,74617.17
1789453440,2026-09-15T11:54:00,74615.99,74618.83,74614.56,74614.56
1789453455,2026-09-15T11:54:15,74615.38,74622.55,74610.6,74622.32
1789453470,2026-09-15T11:54:30,74622.32,74622.32,74613.79,74618.41
1789453485,2026-09-15T11:54:45,74617.96,74617.96,74608.94,74612.04
1789453500,2026-09-15T11:55:00,74613.45,74618.14,74611.66,74614.27
1789453515,2026-09-15T11:55:15,74615.49,74619.94,74614.36,74618.16
1789453530,2026-09-15T11:55:30,74616.21,74619.43,74616.01,74618.71
1789453545,2026-09-15T11:55:45,74616.81,74624.95,74615.35,74619.47
1789453560,2026-09-15T11:56:00,74618.71,74620.9,74616.08,74620.11
1789453575,2026-09-15T11:56:15,74620.26,74623.21,74614.51,74623.21
1789453590,2026-09-15T11:56:30,74624.58,74629.78,74624.08,74629.12
1789453605,2026-09-15T11:56:45,74624.74,74638.75,74624.74,74638.75
1789453620,2026-09-15T11:57:00,74639.39,74645.38,74632.35,74640.22
1789453635,2026-09-15T11:57:15,74641.99,74643.44,74632.43,74641.24
1789453650,2026-09-15T11:57:30,74642.75,74645.43,74639.99,74644.25
1789453665,2026-09-15T11:57:45,74647.05,74647.05,74637.3,74638.23
1789453680,2026-09-15T11:58:00,74639.9,74648.31,74639.9,74646.02
1789453695,2026-09-15T11:58:15,74645.16,74668.4,74644.65,74668.4
1789453710,2026-09-15T11:58:30,74668.12,74672.39,74662.28,74667.31
1789453725,2026-09-15T11:58:45,74663.34,74663.34,74657.01,74657.01
1789453740,2026-09-15T11:59:00,74656.51,74666.36,74656.51,74662.81
1789453755,2026-09-15T11:59:15,74663.22,74668.13,74660.21,74660.82
1789453770,2026-09-15T11:59:30,74661.12,74671.25,74661.12,74661.31
1789453785,2026-09-15T11:59:45,74661.96,74668.01,74657.86,74667.3
1789453800,2026-09-15T12:00:00,74668.4,74678.17,74668.4,74673.41
1789453815,2026-09-15T12:00:15,74670.6,74674.31,74660.73,74673.23
1789453830,2026-09-15T12:00:30,74671.98,74674.61,74666.33,74673.55
1789453845,2026-09-15T12:00:45,74674.88,74677.53,74670.97,74672.39
1789453860,2026-09-15T12:01:00,74671.5,74677.39,74670.16,74675.18
1789453875,2026-09-15T12:01:15,74675.91,74675.91,74666.69,74672.04
1789453890,2026-09-15T12:01:30,74671.41,74678.8,74665.05,74668.55
1789453905,2026-09-15T12:01:45,74667.73,74673.14,74664.07,74665.22
1789453920,2026-09-15T12:02:00,74669.45,74671.48,74661.5,74671.48
1789453935,2026-09-15T12:02:15,74672.23,74678.69,74668.94,74672.8
1789453950,2026-09-15T12:02:30,74672.08,74688.23,74672.08,74688.23
1789453965,2026-09-15T12:02:45,74687.65,74692.4,74686.91,74689.12
1789453980,2026-09-15T12:03:00,74694.62,74699.5,74692.82,74699.5
1789453995,2026-09-15T12:03:15,74700.09,74708.74,74698.33,74708.74
1789454010,2026-09-15T12:03:30,74704.76,74710.23,74704.49,74708.23
1789454025,2026-09-15T12:03:45,74711,74714.38,74709.39,74714.38
1789454040,2026-09-15T12:04:00,74713.77,74713.77,74706.46,74708.45
1789454055,2026-09-15T12:04:15,74703.05,74706.5,74698.74,74698.74
1789454070,2026-09-15T12:04:30,74698.74,74705.76,74697.87,74705.48
1789454085,2026-09-15T12:04:45,74705.71,74708.78,74704.01,74705.61
1789454100,2026-09-15T12:05:00,74706.96,74718.83,74706.96,74714.48
1789454115,2026-09-15T12:05:15,74713.17,74722.32,74712.38,74718.74
1789454130,2026-09-15T12:05:30,74719.4,74722.18,74717.02,74721
1789454145,2026-09-15T12:05:45,74723.12,74724.91,74721.1,74724.91
1789454160,2026-09-15T12:06:00,74722.51,74722.51,74700.3,74700.3
1789454175,2026-09-15T12:06:15,74699.16,74703.87,74698.34,74700.86
1789454190,2026-09-15T12:06:30,74696.49,74696.49,74684.07,74690.12
1789454205,2026-09-15T12:06:45,74692.02,74693.58,74689.05,74689.49
1789454220,2026-09-15T12:07:00,74688.22,74691.05,74686.07,74686.07
1789454235,2026-09-15T12:07:15,74689.28,74689.95,74682.41,74689.95
1789454250,2026-09-15T12:07:30,74690.68,74693.99,74687.63,74693.99
1789454265,2026-09-15T12:07:45,74693.58,74693.58,74686.14,74690.4
1789454280,2026-09-15T12:08:00,74691.12,74696.13,74688.29,74692.17
1789454295,2026-09-15T12:08:15,74691.25,74704.94,74690.36,74704.94
1789454310,2026-09-15T12:08:30,74704.19,74708.32,74699.84,74708.32
1789454325,2026-09-15T12:08:45,74710.13,74711.33,74707.27,74707.27
1789454340,2026-09-15T12:09:00,74704.37,74707.32,74702.52,74702.98
1789454355,2026-09-15T12:09:15,74705.3,74705.3,74698.68,74700.28
1789454370,2026-09-15T12:09:30,74699.5,74699.98,74694.75,74695.83
1789454385,2026-09-15T12:09:45,74697.3,74697.3,74690.75,74690.75
1789454400,2026-09-15T12:10:00,74692.99,74692.99,74685.7,74686.27
1789454415,2026-09-15T12:10:15,74684.37,74693.34,74682.01,74693.34
1789454430,2026-09-15T12:10:30,74696.56,74699.25,74691.94,74692.13
1789454445,2026-09-15T12:10:45,74690.42,74690.42,74684.86,74685.24
1789454460,2026-09-15T12:11:00,74685.48,74697.32,74685.48,74697.32
1789454475,2026-09-15T12:11:15,74696.24,74698.82,74696.24,74697.83
1789454490,2026-09-15T12:11:30,74696.36,74697.83,74689.35,74697.83
1789454505,2026-09-15T12:11:45,74698.66,74699.06,74687.35,74687.35
1789454520,2026-09-15T12:12:00,74687.03,74688.5,74674.35,74675.83
1789454535,2026-09-15T12:12:15,74674.23,74687.03,74672.29,74687.03
1789454550,2026-09-15T12:12:30,74688.78,74692.98,74685.44,74687.61
1789454565,2026-09-15T12:12:45,74687.61,74689.52,74677.47,74677.47
1789454580,2026-09-15T12:13:00,74680.81,74680.81,74668.54,74668.83
1789454595,2026-09-15T12:13:15,74671.25,74672.6,74660.88,74663.3
1789454610,2026-09-15T12:13:30,74663.95,74668.56,74662.09,74668.56
1789454625,2026-09-15T12:13:45,74668.56,74668.56,74661.02,74666.87
1789454640,2026-09-15T12:14:00,74667.02,74670.96,74667.02,74667.16
1789454655,2026-09-15T12:14:15,74668.62,74673.5,74666.02,74670.97
1789454670,2026-09-15T12:14:30,74670.94,74674.95,74670.94,74673.77
1789454685,2026-09-15T12:14:45,74674.92,74678.35,74672.82,74674.14
1789454700,2026-09-15T12:15:00,74673.73,74675.85,74662.27,74662.27
1789454715,2026-09-15T12:15:15,74662.82,74664.31,74658.9,74661.37
1789454730,2026-09-15T12:15:30,74661.94,74667.07,74658.14,74658.66
1789454745,2026-09-15T12:15:45,74658.25,74658.25,74653.86,74656.24
1789454760,2026-09-15T12:16:00,74656.14,74664.32,74656.14,74663.72
1789454775,2026-09-15T12:16:15,74663.14,74673.27,74662.7,74672.82
1789454790,2026-09-15T12:16:30,74673.45,74678.45,74671.97,74675.31
1789454805,2026-09-15T12:16:45,74676.62,74677.29,74668.52,74670.26
1789454820,2026-09-15T12:17:00,74670.26,74673.21,74666.56,74673.21
1789454835,2026-09-15T12:17:15,74671.45,74676.61,74671.45,74676.61
1789454850,2026-09-15T12:17:30,74677.9,74677.9,74669,74670.84
1789454865,2026-09-15T12:17:45,74669.32,74676.49,74669.32,74673.43
1789454880,2026-09-15T12:18:00,74673.5,74673.5,74657.15,74657.15
1789454895,2026-09-15T12:18:15,74655.93,74659.75,74652.27,74652.27
1789454910,2026-09-15T12:18:30,74652.16,74654.02,74647.45,74651.87
1789454925,2026-09-15T12:18:45,74650.66,74655.92,74647.71,74647.93
1789454940,2026-09-15T12:19:00,74650.5,74650.5,74644.04,74644.04
1789454955,2026-09-15T12:19:15,74649.33,74652.49,74643.96,74644.53
1789454970,2026-09-15T12:19:30,74645.92,74649.25,74644.95,74645.4
1789454985,2026-09-15T12:19:45,74646.95,74648.28,74644.86,74647.9
1789455000,2026-09-15T12:20:00,74645.33,74646.15,74639.35,74644.81
1789455015,2026-09-15T12:20:15,74642.61,74646.13,74642.61,74644.9
1789455030,2026-09-15T12:20:30,74645.45,74652.01,74645.37,74650.39
1789455045,2026-09-15T12:20:45,74650.39,74650.39,74638.12,74639.2
1789455060,2026-09-15T12:21:00,74639.2,74647.22,74638.22,74639.99
1789455075,2026-09-15T12:21:15,74639.99,74650.27,74639.12,74650.01
1789455090,2026-09-15T12:21:30,74650.67,74651.23,74645.12,74651.02
1789455105,2026-09-15T12:21:45,74651.92,74659.43,74648.71,74657.82
1789455120,2026-09-15T12:22:00,74658.1,74660.37,74650.95,74652.89
1789455135,2026-09-15T12:22:15,74650.07,74652.6,74645.91,74646.57
1789455150,2026-09-15T12:22:30,74645.59,74651.42,74645.59,74647.29
1789455165,2026-09-15T12:22:45,74647.86,74653.76,74643.75,74644.28
1789455180,2026-09-15T12:23:00,74643.96,74646.82,74643.96,74645
1789455195,2026-09-15T12:23:15,74644,74650.03,74642.82,74650.03
1789455210,2026-09-15T12:23:30,74648.32,74654.02,74645.74,74651.84
1789455225,2026-09-15T12:23:45,74651.87,74662.3,74651.87,74660.87
1789455240,2026-09-15T12:24:00,74659.31,74662.6,74657.62,74658.74
1789455255,2026-09-15T12:24:15,74661.31,74662.6,74659.18,74659.18
1789455270,2026-09-15T12:24:30,74658.96,74664.19,74658.57,74664.19
1789455285,2026-09-15T12:24:45,74664.19,74664.47,74656.03,74657.94
1789455300,2026-09-15T12:25:00,74657.69,74660.77,74655.09,74655.15
1789455315,2026-09-15T12:25:15,74654.08,74660.54,74653.6,74660.54
1789455330,2026-09-15T12:25:30,74661.09,74661.09,74658.1,74658.94
1789455345,2026-09-15T12:25:45,74657.86,74660.02,74656.54,74660.02
1789455360,2026-09-15T12:26:00,74659.39,74659.39,74655.12,74655.12
1789455375,2026-09-15T12:26:15,74655.12,74656.61,74647.06,74654.68
1789455390,2026-09-15T12:26:30,74655.16,74655.16,74646.83,74646.83
1789455405,2026-09-15T12:26:45,74647.2,74652.24,74646.67,74648.35
1789455420,2026-09-15T12:27:00,74649.67,74652.2,74647.59,74650.31
1789455435,2026-09-15T12:27:15,74648.03,74655.26,74648.03,74655.26
1789455450,2026-09-15T12:27:30,74655.92,74655.92,74649.01,74652.3
1789455465,2026-09-15T12:27:45,74653.23,74655.55,74651.92,74653.69
1789455480,2026-09-15T12:28:00,74656.19,74659.02,74655.19,74655.19
1789455495,2026-09-15T12:28:15,74655.66,74655.66,74651.01,74654.66
1789455510,2026-09-15T12:28:30,74655.48,74657.46,74653.85,74654.42
1789455525,2026-09-15T12:28:45,74654.46,74667.58,74654.46,74663.77
1789455540,2026-09-15T12:29:00,74664.26,74670.72,74662.61,74669.68
1789455555,2026-09-15T12:29:15,74667.99,74669.46,74664.78,74667.45
1789455570,2026-09-15T12:29:30,74667.89,74677,74667.89,74675.36
1789455585,2026-09-15T12:29:45,74676.15,74677.09,74671.48,74674.38
1789455600,2026-09-15T12:30:00,74674.38,74675.94,74661.74,74661.74
1789455615,2026-09-15T12:30:15,74660.45,74660.45,74652.56,74653.23
1789455630,2026-09-15T12:30:30,74647.12,74651.62,74643.2,74651.62
1789455645,2026-09-15T12:30:45,74650.63,74657.08,74648.55,74657.08
1789455660,2026-09-15T12:31:00,74657.73,74658.7,74639.78,74639.78
1789455675,2026-09-15T12:31:15,74640.36,74641.61,74621.36,74621.36
1789455690,2026-09-15T12:31:30,74620.8,74620.8,74610.31,74612.2
1789455705,2026-09-15T12:31:45,74610.4,74612.16,74607.62,74609.94
1789455720,2026-09-15T12:32:00,74608.74,74611.57,74606.77,74611.41
1789455735,2026-09-15T12:32:15,74609.48,74620,74603.12,74618.55
1789455750,2026-09-15T12:32:30,74616.2,74617.85,74613.61,74615.08
1789455765,2026-09-15T12:32:45,74617.77,74619.7,74615.43,74615.43
1789455780,2026-09-15T12:33:00,74613.4,74618.03,74611.38,74617.2
1789455795,2026-09-15T12:33:15,74618.93,74618.93,74610.15,74614.79
1789455810,2026-09-15T12:33:30,74614.68,74620.41,74612.29,74613.68
1789455825,2026-09-15T12:33:45,74615.44,74623.54,74615.44,74619.36
1789455840,2026-09-15T12:34:00,74619.88,74625.83,74619.76,74622.21
1789455855,2026-09-15T12:34:15,74620.33,74621.76,74619.88,74621.07
1789455870,2026-09-15T12:34:30,74620.87,74626.7,74619.29,74626.7
1789455885,2026-09-15T12:34:45,74626.66,74628.12,74621.37,74625.57
1789455900,2026-09-15T12:35:00,74624.44,74625.64,74618.18,74618.18
1789455915,2026-09-15T12:35:15,74617.78,74619,74615.41,74616.91
1789455930,2026-09-15T12:35:30,74617.7,74642.77,74617.7,74642.77
1789455945,2026-09-15T12:35:45,74640.53,74650.88,74640.53,74646.83
1789455960,2026-09-15T12:36:00,74648.78,74651.78,74647.99,74649.84
1789455975,2026-09-15T12:36:15,74651.98,74653.29,74650.48,74651.66
1789455990,2026-09-15T12:36:30,74651.47,74653.4,74646,74651.75
1789456005,2026-09-15T12:36:45,74651.3,74651.47,74642.9,74649.54
1789456020,2026-09-15T12:37:00,74649.05,74649.05,74644.51,74646.23
1789456035,2026-09-15T12:37:15,74647.45,74647.45,74638.94,74638.94
1789456050,2026-09-15T12:37:30,74634.76,74638.65,74630.2,74634.16
1789456065,2026-09-15T12:37:45,74637.38,74639.87,74630.97,74639.43
1789456080,2026-09-15T12:38:00,74640.83,74642.81,74633.68,74633.68
1789456095,2026-09-15T12:38:15,74631.94,74641.4,74631.94,74639.53
1789456110,2026-09-15T12:38:30,74637.07,74641.29,74637.07,74639.34
1789456125,2026-09-15T12:38:45,74639.34,74642.48,74637.04,74637.04
1789456140,2026-09-15T12:39:00,74635.97,74638.63,74634.51,74634.53
1789456155,2026-09-15T12:39:15,74634.07,74636.09,74632.83,74635.46
1789456170,2026-09-15T12:39:30,74634.42,74635.55,74631.98,74634.97
1789456185,2026-09-15T12:39:45,74633.29,74634.52,74630.89,74630.89
1789456200,2026-09-15T12:40:00,74630.49,74630.92,74626.89,74630.92
1789456215,2026-09-15T12:40:15,74631.58,74634.75,74629.73,74631.22
1789456230,2026-09-15T12:40:30,74635.45,74635.45,74627.6,74628.81
1789456245,2026-09-15T12:40:45,74629.07,74629.77,74627.08,74628.33
1789456260,2026-09-15T12:41:00,74630.26,74641.07,74630.26,74640.36
1789456275,2026-09-15T12:41:15,74641.65,74644.45,74641.65,74643.47
1789456290,2026-09-15T12:41:30,74643.56,74645.3,74641.28,74642.37
1789456305,2026-09-15T12:41:45,74643.27,74643.27,74632.96,74635.21
1789456320,2026-09-15T12:42:00,74633.41,74637.66,74633.41,74635.33
1789456335,2026-09-15T12:42:15,74638.61,74645.97,74635.79,74642.96
1789456350,2026-09-15T12:42:30,74645.31,74645.59,74637.42,74638.78
1789456365,2026-09-15T12:42:45,74637.1,74639.26,74636.17,74638.59
1789456380,2026-09-15T12:43:00,74642.2,74642.77,74637.13,74637.13
1789456395,2026-09-15T12:43:15,74637.71,74645.79,74637.71,74644.56
1789456410,2026-09-15T12:43:30,74645.06,74645.06,74636.47,74639.28
1789456425,2026-09-15T12:43:45,74639.28,74640.25,74638.69,74638.86
1789456440,2026-09-15T12:44:00,74638.86,74643.32,74638.86,74639.12
1789456455,2026-09-15T12:44:15,74639,74644.38,74639,74641.83
1789456470,2026-09-15T12:44:30,74640.9,74642.05,74638.86,74642.05
1789456485,2026-09-15T12:44:45,74642.3,74643.48,74632.46,74632.46
1789456500,2026-09-15T12:45:00,74631.95,74631.95,74623.48,74623.66
1789456515,2026-09-15T12:45:15,74622.2,74622.23,74617.42,74617.63
1789456530,2026-09-15T12:45:30,74618.07,74621.37,74616.25,74620.36
1789456545,2026-09-15T12:45:45,74616.54,74619.33,74611.29,74611.29
1789456560,2026-09-15T12:46:00,74610.59,74616.41,74610.59,74615.77
1789456575,2026-09-15T12:46:15,74614.59,74622.19,74612.72,74622.19
1789456590,2026-09-15T12:46:30,74618.21,74621.43,74614.32,74614.32
1789456605,2026-09-15T12:46:45,74614.58,74622.15,74612.95,74622.15
1789456620,2026-09-15T12:47:00,74622.3,74626.97,74619.18,74622.11
1789456635,2026-09-15T12:47:15,74622.64,74622.64,74615.06,74618.13
1789456650,2026-09-15T12:47:30,74616.86,74628.79,74616.86,74628.79
1789456665,2026-09-15T12:47:45,74628.49,74628.93,74624.57,74628.35
1789456680,2026-09-15T12:48:00,74627.65,74632.62,74623.5,74625.02
1789456695,2026-09-15T12:48:15,74627.65,74642.16,74627.65,74640.14
1789456710,2026-09-15T12:48:30,74641.67,74641.67,74636.26,74637.02
1789456725,2026-09-15T12:48:45,74636.7,74643.65,74633.73,74642.41
1789456740,2026-09-15T12:49:00,74642.06,74643.5,74635.39,74643.5
1789456755,2026-09-15T12:49:15,74644.23,74650.12,74636.62,74639.41
1789456770,2026-09-15T12:49:30,74640.43,74649.36,74640.43,74649.09
1789456785,2026-09-15T12:49:45,74647.82,74652.98,74639.97,74652.98
1789456800,2026-09-15T12:50:00,74645.81,74667.29,74645.81,74666.57
1789456815,2026-09-15T12:50:15,74665.25,74672.39,74665.25,74672.39
1789456830,2026-09-15T12:50:30,74672.34,74675.5,74670.87,74673.56
1789456845,2026-09-15T12:50:45,74670.74,74675.21,74670.74,74671.32
1789456860,2026-09-15T12:51:00,74669.38,74671.62,74666.97,74668.05
1789456875,2026-09-15T12:51:15,74666.9,74671.24,74663.19,74671.24
1789456890,2026-09-15T12:51:30,74670.92,74670.92,74665.35,74666.43
1789456905,2026-09-15T12:51:45,74667.47,74669.23,74666.24,74666.71
1789456920,2026-09-15T12:52:00,74665.97,74668.25,74663.21,74666.19
1789456935,2026-09-15T12:52:15,74667.33,74667.53,74662.08,74662.08
1789456950,2026-09-15T12:52:30,74662.08,74663.51,74658.99,74663.51
1789456965,2026-09-15T12:52:45,74662.97,74664.77,74653.89,74655.04
1789456980,2026-09-15T12:53:00,74653.19,74654.95,74647.47,74647.48
1789456995,2026-09-15T12:53:15,74649.15,74649.15,74641.4,74644.57
1789457010,2026-09-15T12:53:30,74645.24,74645.24,74642.08,74643.94
1789457025,2026-09-15T12:53:45,74644.45,74648.2,74643.17,74644.78
1789457040,2026-09-15T12:54:00,74646.06,74653.25,74645.94,74653.02
1789457055,2026-09-15T12:54:15,74652.61,74652.61,74646.57,74647.46
1789457070,2026-09-15T12:54:30,74650.67,74655.92,74646.08,74655.92
1789457085,2026-09-15T12:54:45,74655.69,74655.69,74649.89,74654.99
1789457100,2026-09-15T12:55:00,74654.99,74658.65,74651.03,74658.65
1789457115,2026-09-15T12:55:15,74656.49,74658.93,74652.98,74652.98
1789457130,2026-09-15T12:55:30,74656.54,74656.54,74646.13,74648.64
1789457145,2026-09-15T12:55:45,74648.09,74651.88,74643.44,74649.56
1789457160,2026-09-15T12:56:00,74648.55,74650.6,74643.29,74643.29
1789457175,2026-09-15T12:56:15,74644.72,74645.72,74634.53,74637.36
1789457190,2026-09-15T12:56:30,74636.12,74637.57,74634.11,74637.36
1789457205,2026-09-15T12:56:45,74637.36,74642.85,74633.73,74633.85
1789457220,2026-09-15T12:57:00,74638.29,74639.16,74632.72,74632.72
1789457235,2026-09-15T12:57:15,74633.39,74645.23,74633.39,74640.66
1789457250,2026-09-15T12:57:30,74639.39,74639.39,74630.87,74631.37
1789457265,2026-09-15T12:57:45,74630.12,74630.56,74625.41,74625.41
1789457280,2026-09-15T12:58:00,74624.75,74633.44,74624.75,74628.57
1789457295,2026-09-15T12:58:15,74626.32,74626.32,74613.58,74613.58
1789457310,2026-09-15T12:58:30,74615.82,74615.82,74607.71,74608.47
1789457325,2026-09-15T12:58:45,74608.47,74610.3,74577.37,74577.37
1789457340,2026-09-15T12:59:00,74581.48,74582.03,74577.7,74580.72
1789457355,2026-09-15T12:59:15,74582.45,74584.31,74578.81,74581.25
1789457370,2026-09-15T12:59:30,74580.64,74591.77,74580.31,74591.77
1789457385,2026-09-15T12:59:45,74594.05,74595.58,74580.67,74581.31
1789457400,2026-09-15T13:00:00,74581.73,74589.17,74580.44,74584.18
1789457415,2026-09-15T13:00:15,74585.14,74587.92,74584.18,74585.2
1789457430,2026-09-15T13:00:30,74584.01,74594.15,74584.01,74593.36
1789457445,2026-09-15T13:00:45,74592.75,74610.45,74592.75,74593.83
1789457460,2026-09-15T13:01:00,74599.17,74600.86,74594.51,74594.51
1789457475,2026-09-15T13:01:15,74593.55,74593.55,74586.3,74586.87
1789457490,2026-09-15T13:01:30,74586.32,74586.32,74578.32,74578.32
1789457505,2026-09-15T13:01:45,74577.71,74577.71,74566.43,74567.27
1789457520,2026-09-15T13:02:00,74569,74577.72,74568.52,74577.16
1789457535,2026-09-15T13:02:15,74576.12,74578.58,74570.79,74578.58
1789457550,2026-09-15T13:02:30,74577.91,74578.66,74570.49,74572.42
1789457565,2026-09-15T13:02:45,74573.05,74573.5,74570.54,74571.95
1789457580,2026-09-15T13:03:00,74570.54,74571.84,74555.98,74556.22
1789457595,2026-09-15T13:03:15,74554.18,74555.48,74552.53,74552.53
1789457610,2026-09-15T13:03:30,74552.84,74555.9,74552.07,74552.3
1789457625,2026-09-15T13:03:45,74552.26,74554.81,74548.87,74554.81
1789457640,2026-09-15T13:04:00,74554.81,74559.07,74553.44,74559.07
1789457655,2026-09-15T13:04:15,74559.07,74563.27,74559.07,74563.17
1789457670,2026-09-15T13:04:30,74563.39,74564.62,74561.29,74563.67
1789457685,2026-09-15T13:04:45,74563.67,74577.61,74563.67,74573.89
1789457700,2026-09-15T13:05:00,74573.15,74581.43,74570.41,74581.43
1789457715,2026-09-15T13:05:15,74582.62,74590.3,74582.62,74590.2
1789457730,2026-09-15T13:05:30,74590.39,74590.83,74586.26,74587.3
1789457745,2026-09-15T13:05:45,74586.6,74597.93,74586.6,74596.7
1789457760,2026-09-15T13:06:00,74596.7,74599.9,74595.09,74596.94
1789457775,2026-09-15T13:06:15,74594.83,74595.13,74590.78,74590.78
1789457790,2026-09-15T13:06:30,74590.78,74590.78,74580.49,74581.06
1789457805,2026-09-15T13:06:45,74579.34,74582.11,74572.18,74573.03
1789457820,2026-09-15T13:07:00,74573.03,74580.77,74572.08,74580.77
1789457835,2026-09-15T13:07:15,74581.84,74584.25,74578.91,74582.79
1789457850,2026-09-15T13:07:30,74578.4,74578.4,74575.37,74576.72
1789457865,2026-09-15T13:07:45,74576.12,74578.45,74569.03,74569.03
1789457880,2026-09-15T13:08:00,74568.47,74570.51,74567.98,74569.98
1789457895,2026-09-15T13:08:15,74570.09,74570.09,74560.38,74560.38
1789457910,2026-09-15T13:08:30,74563.09,74572.46,74563.09,74565.9
1789457925,2026-09-15T13:08:45,74567.11,74573.02,74567.11,74573.02
1789457940,2026-09-15T13:09:00,74573.02,74578.74,74573.02,74575.4
1789457955,2026-09-15T13:09:15,74575.33,74579.61,74570.82,74573.87
1789457970,2026-09-15T13:09:30,74573.54,74576.46,74573.54,74573.75
1789457985,2026-09-15T13:09:45,74573.9,74577.38,74569.74,74569.74
1789458000,2026-09-15T13:10:00,74571.03,74575.24,74569.46,74575.13
1789458015,2026-09-15T13:10:15,74575.13,74577.66,74574.94,74576.53
1789458030,2026-09-15T13:10:30,74577.79,74577.79,74576.27,74577.01
1789458045,2026-09-15T13:10:45,74575.72,74582.94,74571.01,74571.01
1789458060,2026-09-15T13:11:00,74570.16,74570.16,74547.02,74549.8
1789458075,2026-09-15T13:11:15,74548.97,74548.97,74533.78,74533.78
1789458090,2026-09-15T13:11:30,74533.55,74533.55,74526.24,74526.24
1789458105,2026-09-15T13:11:45,74525.59,74529.55,74522.6,74527.49
1789458120,2026-09-15T13:12:00,74526.88,74529.28,74526.88,74527.64
1789458135,2026-09-15T13:12:15,74527.64,74535.37,74527.05,74533.1
1789458150,2026-09-15T13:12:30,74534.03,74540.53,74530.83,74540.53
1789458165,2026-09-15T13:12:45,74540.99,74544.1,74536.78,74538.06
1789458180,2026-09-15T13:13:00,74537.39,74541.09,74535.92,74541.09
1789458195,2026-09-15T13:13:15,74544.43,74547.97,74543.89,74546.94
1789458210,2026-09-15T13:13:30,74546.65,74546.65,74536.99,74545.75
1789458225,2026-09-15T13:13:45,74546.31,74548.89,74544.54,74548.66
1789458240,2026-09-15T13:14:00,74548.96,74548.96,74535.34,74544.54
1789458255,2026-09-15T13:14:15,74543.69,74547.87,74538.51,74547.09
1789458270,2026-09-15T13:14:30,74546.37,74552.51,74546.37,74551.32
1789458285,2026-09-15T13:14:45,74549.61,74553.14,74542.74,74545.26
1789458300,2026-09-15T13:15:00,74544.86,74544.86,74538.75,74539.78
1789458315,2026-09-15T13:15:15,74538.46,74540.59,74536.83,74536.83
1789458330,2026-09-15T13:15:30,74531.99,74531.99,74524.03,74524.54
1789458345,2026-09-15T13:15:45,74525.24,74527.29,74523.79,74525.19
1789458360,2026-09-15T13:16:00,74523.58,74523.58,74518.47,74518.51
1789458375,2026-09-15T13:16:15,74523.12,74531.66,74523.12,74528.85
1789458390,2026-09-15T13:16:30,74528.83,74529.83,74519.39,74523.57
1789458405,2026-09-15T13:16:45,74522.28,74525.97,74520.01,74520.56
1789458420,2026-09-15T13:17:00,74519.35,74519.35,74507.9,74507.9
1789458435,2026-09-15T13:17:15,74507.64,74509.73,74499.19,74499.19
1789458450,2026-09-15T13:17:30,74499.49,74516.76,74499.49,74514.09
1789458465,2026-09-15T13:17:45,74513.69,74513.94,74507.85,74511.07
1789458480,2026-09-15T13:18:00,74517.38,74527.31,74517.38,74527.31
1789458495,2026-09-15T13:18:15,74528.03,74532.26,74526.81,74530.8
1789458510,2026-09-15T13:18:30,74526.36,74536.78,74524.54,74536.78
1789458525,2026-09-15T13:18:45,74536.78,74538.41,74530.23,74533.56
1789458540,2026-09-15T13:19:00,74534.5,74542.24,74531.45,74541.89
1789458555,2026-09-15T13:19:15,74543.12,74552.91,74543.12,74552.91
1789458570,2026-09-15T13:19:30,74549.05,74556.08,74547.76,74551.18
1789458585,2026-09-15T13:19:45,74552.38,74555.39,74543.08,74544.36
1789458600,2026-09-15T13:20:00,74544.36,74550.75,74544.26,74550.59
1789458615,2026-09-15T13:20:15,74550.84,74551.63,74547.96,74551.02
1789458630,2026-09-15T13:20:30,74551.09,74551.09,74533.75,74533.75
1789458645,2026-09-15T13:20:45,74533.88,74534.22,74527.54,74528.29
1789458660,2026-09-15T13:21:00,74527.58,74529.61,74506.78,74506.78
1789458675,2026-09-15T13:21:15,74507.39,74509.69,74504.36,74509.69
1789458690,2026-09-15T13:21:30,74505.47,74509.12,74505.13,74509.08
1789458705,2026-09-15T13:21:45,74508.14,74508.36,74499.3,74500.03
1789458720,2026-09-15T13:22:00,74500.51,74502.72,74495.46,74498.38
1789458735,2026-09-15T13:22:15,74498.57,74502.46,74497.35,74502.46
1789458750,2026-09-15T13:22:30,74503.27,74503.27,74497.07,74498.32
1789458765,2026-09-15T13:22:45,74498.74,74501.53,74494.16,74500.14
1789458780,2026-09-15T13:23:00,74502.3,74507.53,74496.38,74502.14
1789458795,2026-09-15T13:23:15,74501.32,74501.32,74491.38,74498.09
1789458810,2026-09-15T13:23:30,74497.98,74501.95,74497.9,74501.95
1789458825,2026-09-15T13:23:45,74499.6,74501.96,74497.72,74500.15
1789458840,2026-09-15T13:24:00,74498.42,74506.96,74497.24,74506.96
1789458855,2026-09-15T13:24:15,74513.93,74514.83,74511.22,74512.1
1789458870,2026-09-15T13:24:30,74512.03,74512.03,74502.16,74505.84
1789458885,2026-09-15T13:24:45,74506.47,74507.86,74501.35,74501.35
1789458900,2026-09-15T13:25:00,74502.56,74509.66,74502.56,74509.66
1789458915,2026-09-15T13:25:15,74510.35,74512.06,74506.6,74506.6
1789458930,2026-09-15T13:25:30,74505.8,74510.32,74505.8,74507.21
1789458945,2026-09-15T13:25:45,74509.71,74511.93,74502.24,74503.25
1789458960,2026-09-15T13:26:00,74503.3,74506.43,74502.42,74504.22
1789458975,2026-09-15T13:26:15,74505.23,74507.95,74504.82,74507.14
1789458990,2026-09-15T13:26:30,74508.13,74510.16,74503.58,74510.16
1789459005,2026-09-15T13:26:45,74511.17,74525.25,74511.17,74525.25
1789459020,2026-09-15T13:27:00,74525.31,74537.25,74525.31,74537.25
1789459035,2026-09-15T13:27:15,74536.68,74541.73,74535.19,74535.47
1789459050,2026-09-15T13:27:30,74534.13,74536.97,74531.34,74531.44
1789459065,2026-09-15T13:27:45,74531.59,74532.83,74529.66,74530.31
1789459080,2026-09-15T13:28:00,74529.54,74532.13,74527.72,74527.72
1789459095,2026-09-15T13:28:15,74527.18,74535.51,74527.18,74534.16
1789459110,2026-09-15T13:28:30,74533.9,74533.9,74524.44,74525.17
1789459125,2026-09-15T13:28:45,74524.7,74530.42,74519.17,74519.17
1789459140,2026-09-15T13:29:00,74518.66,74522.83,74518.66,74522.83
1789459155,2026-09-15T13:29:15,74522.15,74525.33,74520.45,74521.43
1789459170,2026-09-15T13:29:30,74521.13,74521.13,74516.36,74517.45
1789459185,2026-09-15T13:29:45,74516.58,74517.66,74503.42,74503.96
1789459200,2026-09-15T13:30:00,74503.08,74504.34,74492.43,74494.2
1789459215,2026-09-15T13:30:15,74494.05,74494.55,74492.31,74494.02
1789459230,2026-09-15T13:30:30,74492.94,74496.7,74492.74,74493.83
1789459245,2026-09-15T13:30:45,74493.39,74494.41,74482.55,74482.55
1789459260,2026-09-15T13:31:00,74480.62,74486.47,74467.09,74470.08
1789459275,2026-09-15T13:31:15,74470.12,74470.57,74465.38,74470
1789459290,2026-09-15T13:31:30,74469.53,74473.61,74442.64,74442.64
1789459305,2026-09-15T13:31:45,74440.48,74445.99,74438.22,74442.41
1789459320,2026-09-15T13:32:00,74443.46,74450.62,74442.09,74450.62
1789459335,2026-09-15T13:32:15,74451.43,74451.65,74444.86,74447.4
1789459350,2026-09-15T13:32:30,74447.4,74457.51,74447.4,74457.51
1789459365,2026-09-15T13:32:45,74457.09,74457.09,74452.72,74452.72
1789459380,2026-09-15T13:33:00,74453.42,74461.08,74453.42,74458.01
1789459395,2026-09-15T13:33:15,74455.51,74458.2,74452.69,74455.9
1789459410,2026-09-15T13:33:30,74455.9,74455.9,74448.84,74449.71
1789459425,2026-09-15T13:33:45,74453.2,74456.42,74451.13,74456.42
1789459440,2026-09-15T13:34:00,74456.42,74458.58,74455.2,74458.53
1789459455,2026-09-15T13:34:15,74453.34,74459.32,74453.34,74456.82
1789459470,2026-09-15T13:34:30,74459.21,74459.68,74454.68,74459.56
1789459485,2026-09-15T13:34:45,74460.97,74464.14,74457.21,74457.21
1789459500,2026-09-15T13:35:00,74457.79,74462.33,74451.47,74451.47
1789459515,2026-09-15T13:35:15,74453.52,74457.6,74451.25,74453.31
1789459530,2026-09-15T13:35:30,74455.09,74457.04,74450.15,74450.47
1789459545,2026-09-15T13:35:45,74450.47,74457.69,74450.47,74455.57
1789459560,2026-09-15T13:36:00,74455.65,74467.99,74455.65,74467.99
1789459575,2026-09-15T13:36:15,74470.4,74476.46,74467.53,74476.46
1789459590,2026-09-15T13:36:30,74475.31,74481.88,74473.86,74481.88
1789459605,2026-09-15T13:36:45,74486.88,74490.19,74486.43,74488.29
1789459620,2026-09-15T13:37:00,74490.79,74491.24,74485.83,74487.02
1789459635,2026-09-15T13:37:15,74485.65,74485.65,74481.58,74483.73
1789459650,2026-09-15T13:37:30,74481.97,74481.97,74469.2,74469.45
1789459665,2026-09-15T13:37:45,74469.3,74472.06,74466.93,74472.06
1789459680,2026-09-15T13:38:00,74473.79,74477.37,74470.48,74476.45
1789459695,2026-09-15T13:38:15,74475.72,74475.72,74460.98,74462.51
1789459710,2026-09-15T13:38:30,74461.37,74463.71,74454.24,74455.36
1789459725,2026-09-15T13:38:45,74460.05,74460.05,74453.55,74455.15
1789459740,2026-09-15T13:39:00,74454.26,74463.1,74454.26,74456.69
1789459755,2026-09-15T13:39:15,74456.34,74460.88,74456.11,74460.08
1789459770,2026-09-15T13:39:30,74460.33,74462.4,74453.58,74453.58
1789459785,2026-09-15T13:39:45,74453.58,74459.69,74452.88,74457.77
1789459800,2026-09-15T13:40:00,74457.77,74460.78,74445.36,74445.36
1789459815,2026-09-15T13:40:15,74445.95,74455.07,74445.95,74449.38
1789459830,2026-09-15T13:40:30,74448.77,74451.95,74443.21,74443.78
1789459845,2026-09-15T13:40:45,74445.54,74448.9,74439.86,74441.3
1789459860,2026-09-15T13:41:00,74440.92,74440.92,74402.85,74411.52
1789459875,2026-09-15T13:41:15,74410.12,74414.55,74406.05,74413.85
1789459890,2026-09-15T13:41:30,74413.85,74414.44,74410.28,74411.19
1789459905,2026-09-15T13:41:45,74412.37,74426.66,74409.57,74421.71
1789459920,2026-09-15T13:42:00,74422.29,74428.85,74421.34,74428.85
1789459935,2026-09-15T13:42:15,74428.53,74431.5,74422.69,74422.69
1789459950,2026-09-15T13:42:30,74423.47,74431.9,74422.35,74426.14
1789459965,2026-09-15T13:42:45,74426.71,74427.13,74417.34,74417.36
1789459980,2026-09-15T13:43:00,74417.5,74423.61,74415.37,74418.3
1789459995,2026-09-15T13:43:15,74418.3,74442.28,74418.3,74433.83
1789460010,2026-09-15T13:43:30,74437.65,74439.17,74421.57,74428.84
1789460025,2026-09-15T13:43:45,74428.42,74430.86,74421.14,74429.59
1789460040,2026-09-15T13:44:00,74429.98,74430.71,74425.02,74430.09
1789460055,2026-09-15T13:44:15,74433.54,74435.69,74426.01,74429.44
1789460070,2026-09-15T13:44:30,74429.84,74432.4,74426.17,74428.31
1789460085,2026-09-15T13:44:45,74435.34,74435.89,74431.92,74433.92
1789460100,2026-09-15T13:45:00,74432.38,74434.32,74428.91,74431.98
1789460115,2026-09-15T13:45:15,74432.53,74439.95,74431.89,74438.55
1789460130,2026-09-15T13:45:30,74438.55,74444.11,74438.55,74441.89
1789460145,2026-09-15T13:45:45,74442.38,74448.83,74442.38,74447.52
1789460160,2026-09-15T13:46:00,74447.81,74448.81,74444.49,74445.11
1789460175,2026-09-15T13:46:15,74439.19,74441.57,74438.16,74439.01
1789460190,2026-09-15T13:46:30,74435.3,74439.22,74433.41,74433.75
1789460205,2026-09-15T13:46:45,74432.7,74439.56,74432.68,74439.14
1789460220,2026-09-15T13:47:00,74437.95,74443.14,74437.95,74439.78
1789460235,2026-09-15T13:47:15,74444.19,74444.19,74440.56,74440.79
1789460250,2026-09-15T13:47:30,74441.49,74448.28,74441.49,74447.81
1789460265,2026-09-15T13:47:45,74446.94,74447.7,74442,74443.72
1789460280,2026-09-15T13:48:00,74443.2,74447.79,74443.2,74445.73
1789460295,2026-09-15T13:48:15,74445.73,74447.74,74439.28,74439.85
1789460310,2026-09-15T13:48:30,74439.85,74443.15,74438.08,74443.15
1789460325,2026-09-15T13:48:45,74443.09,74443.77,74439.02,74439.11
1789460340,2026-09-15T13:49:00,74439.5,74448.42,74439.32,74447.01
1789460355,2026-09-15T13:49:15,74446.73,74446.91,74442.87,74442.87
1789460370,2026-09-15T13:49:30,74444.27,74450.57,74440.97,74450.57
1789460385,2026-09-15T13:49:45,74451.19,74455.26,74449.39,74454.28
1789460400,2026-09-15T13:50:00,74456.21,74459.91,74451.3,74453.98
1789460415,2026-09-15T13:50:15,74453.15,74459.64,74448.45,74457.31
1789460430,2026-09-15T13:50:30,74457.31,74469.18,74457.31,74469.18
1789460445,2026-09-15T13:50:45,74469.18,74469.18,74466.33,74466.74
1789460460,2026-09-15T13:51:00,74468.12,74468.57,74464.32,74464.61
1789460475,2026-09-15T13:51:15,74468.72,74469.63,74459.72,74460.92
1789460490,2026-09-15T13:51:30,74460.8,74462.52,74456.98,74462.52
1789460505,2026-09-15T13:51:45,74462.64,74466.22,74460.94,74465.17
1789460520,2026-09-15T13:52:00,74464.69,74467.39,74462.8,74467.39
1789460535,2026-09-15T13:52:15,74464.41,74464.41,74459.24,74462.6
1789460550,2026-09-15T13:52:30,74465.26,74467.64,74459.95,74462.26
1789460565,2026-09-15T13:52:45,74463.29,74463.67,74459.93,74463
1789460580,2026-09-15T13:53:00,74464.03,74469.45,74461.64,74469.45
1789460595,2026-09-15T13:53:15,74467.39,74467.39,74460.55,74460.55
1789460610,2026-09-15T13:53:30,74460.55,74460.64,74456.33,74456.33
1789460625,2026-09-15T13:53:45,74456.65,74459.4,74456.5,74457.85
1789460640,2026-09-15T13:54:00,74456.35,74456.95,74453.56,74456.95
1789460655,2026-09-15T13:54:15,74456.95,74458.2,74455.61,74456.17
1789460670,2026-09-15T13:54:30,74457.01,74457.01,74452.95,74452.95
1789460685,2026-09-15T13:54:45,74452.46,74455.27,74450.51,74455.27
1789460700,2026-09-15T13:55:00,74454.1,74454.1,74448,74451.86
1789460715,2026-09-15T13:55:15,74451.75,74452.09,74447.22,74451.87
1789460730,2026-09-15T13:55:30,74451.87,74454.52,74449.83,74450.37
1789460745,2026-09-15T13:55:45,74450.76,74453.58,74448.91,74449.2
1789460760,2026-09-15T13:56:00,74448.24,74449.63,74439.73,74439.73
1789460775,2026-09-15T13:56:15,74435.58,74437.99,74429.81,74434.33
1789460790,2026-09-15T13:56:30,74436.18,74445.15,74431.06,74445.15
1789460805,2026-09-15T13:56:45,74445.7,74450.94,74445.7,74450.94
1789460820,2026-09-15T13:57:00,74448,74448.97,74444.45,74444.45
1789460835,2026-09-15T13:57:15,74443.28,74454.18,74443.28,74454.18
1789460850,2026-09-15T13:57:30,74454.46,74454.46,74443.82,74443.82
1789460865,2026-09-15T13:57:45,74448.05,74448.05,74445.23,74446.48
1789460880,2026-09-15T13:58:00,74446.16,74459.51,74443.03,74450.79
1789460895,2026-09-15T13:58:15,74449.67,74459.78,74449.67,74459.28
1789460910,2026-09-15T13:58:30,74459.28,74459.28,74454.76,74455.77
1789460925,2026-09-15T13:58:45,74454.55,74460.39,74451.53,74459.77
1789460940,2026-09-15T13:59:00,74457.2,74460.78,74457.2,74458.71
1789460955,2026-09-15T13:59:15,74457.08,74458.54,74456.3,74456.75
1789460970,2026-09-15T13:59:30,74456.83,74458.69,74453.37,74454.84
1789460985,2026-09-15T13:59:45,74456.58,74463.65,74456.58,74461.19
1789461000,2026-09-15T14:00:00,74460.68,74465.03,74459.93,74462.61
1789461015,2026-09-15T14:00:15,74460.49,74464.26,74459.15,74463.1
1789461030,2026-09-15T14:00:30,74461.7,74464.25,74457.67,74459.74
1789461045,2026-09-15T14:00:45,74453.79,74463.01,74453.79,74463.01
1789461060,2026-09-15T14:01:00,74463.48,74470.13,74463.36,74465.27
1789461075,2026-09-15T14:01:15,74465.26,74468.4,74460.83,74465.47
1789461090,2026-09-15T14:01:30,74464.48,74468.9,74454.5,74454.5
1789461105,2026-09-15T14:01:45,74450.88,74454.25,74450.39,74453.41
1789461120,2026-09-15T14:02:00,74453.41,74454.78,74449.87,74453.71
1789461135,2026-09-15T14:02:15,74452.55,74454.27,74451.66,74454.27
1789461150,2026-09-15T14:02:30,74451.32,74455.81,74450.15,74451.22
1789461165,2026-09-15T14:02:45,74453.15,74460.25,74452.49,74459.5
1789461180,2026-09-15T14:03:00,74455.75,74457.03,74450.28,74457.03
1789461195,2026-09-15T14:03:15,74455.91,74459.96,74454.72,74457.84
1789461210,2026-09-15T14:03:30,74457.35,74463.36,74455.89,74461.97
1789461225,2026-09-15T14:03:45,74461.97,74466.07,74461.19,74465.07
1789461240,2026-09-15T14:04:00,74467.44,74469.71,74467.44,74468.95
1789461255,2026-09-15T14:04:15,74469.52,74469.52,74461.72,74464.37
1789461270,2026-09-15T14:04:30,74464.9,74466.49,74461.34,74466.49
1789461285,2026-09-15T14:04:45,74465.39,74465.39,74453.99,74454.47
1789461300,2026-09-15T14:05:00,74455.17,74460.64,74454.65,74459.59
1789461315,2026-09-15T14:05:15,74458.6,74459,74448.34,74448.34
1789461330,2026-09-15T14:05:30,74445.97,74446.08,74441.26,74441.26
1789461345,2026-09-15T14:05:45,74442.35,74447.4,74437.84,74442.21
1789461360,2026-09-15T14:06:00,74441.16,74453.36,74438.18,74453.36
1789461375,2026-09-15T14:06:15,74453.42,74456.14,74447.76,74456.14
1789461390,2026-09-15T14:06:30,74456.14,74456.88,74450.58,74453.76
1789461405,2026-09-15T14:06:45,74453.76,74457.53,74453.17,74457.53
1789461420,2026-09-15T14:07:00,74457.13,74462.14,74456.69,74456.69
1789461435,2026-09-15T14:07:15,74456.62,74464.89,74456.62,74463.97
1789461450,2026-09-15T14:07:30,74463.1,74465.62,74455.51,74460.53
1789461465,2026-09-15T14:07:45,74460.53,74461.68,74452.98,74452.98
1789461480,2026-09-15T14:08:00,74453.55,74453.55,74438.48,74438.77
1789461495,2026-09-15T14:08:15,74438,74440.69,74437.55,74438.47
1789461510,2026-09-15T14:08:30,74439.26,74439.26,74430.99,74430.99
1789461525,2026-09-15T14:08:45,74433.86,74439.83,74430.63,74439.83
1789461540,2026-09-15T14:09:00,74436.83,74439.26,74433.75,74436.34
1789461555,2026-09-15T14:09:15,74436.25,74436.25,74430.06,74431.31
1789461570,2026-09-15T14:09:30,74431.1,74432.99,74425.11,74429.02
1789461585,2026-09-15T14:09:45,74430.07,74430.07,74421.97,74422.92
1789461600,2026-09-15T14:10:00,74418.81,74420.05,74413.23,74420.05
1789461615,2026-09-15T14:10:15,74419.72,74422.67,74404.56,74404.56
1789461630,2026-09-15T14:10:30,74403.98,74407.68,74400.67,74403.15
1789461645,2026-09-15T14:10:45,74402.33,74402.46,74378.98,74378.98
1789461660,2026-09-15T14:11:00,74377.98,74380.29,74359.69,74359.69
1789461675,2026-09-15T14:11:15,74363.15,74363.15,74357.74,74358.79
1789461690,2026-09-15T14:11:30,74356.63,74361.22,74351.96,74353.91
1789461705,2026-09-15T14:11:45,74356.2,74356.8,74350.39,74352.28
1789461720,2026-09-15T14:12:00,74350,74350.6,74338.12,74338.12
1789461735,2026-09-15T14:12:15,74332.32,74332.32,74322.91,74326.76
1789461750,2026-09-15T14:12:30,74331.16,74339.72,74330.98,74331.2
1789461765,2026-09-15T14:12:45,74332.73,74342.8,74332.73,74341.82
1789461780,2026-09-15T14:13:00,74340.44,74341.58,74333.81,74337.05
1789461795,2026-09-15T14:13:15,74336.88,74345.47,74336.88,74340.54
1789461810,2026-09-15T14:13:30,74338.56,74345.98,74338.56,74345.86
1789461825,2026-09-15T14:13:45,74346.14,74353.46,74343.07,74346.18
1789461840,2026-09-15T14:14:00,74344.39,74344.39,74332.74,74332.74
1789461855,2026-09-15T14:14:15,74333.26,74336.86,74330.97,74330.97
1789461870,2026-09-15T14:14:30,74330.35,74330.72,74326.39,74326.91
1789461885,2026-09-15T14:14:45,74326.59,74329.5,74324.76,74329.23
1789461900,2026-09-15T14:15:00,74325.94,74325.94,74306.54,74306.54
1789461915,2026-09-15T14:15:15,74304.41,74304.41,74284.27,74284.27
1789461930,2026-09-15T14:15:30,74283.54,74286.1,74257.83,74257.83
1789461945,2026-09-15T14:15:45,74257.37,74258.51,74251.74,74258.51
1789461960,2026-09-15T14:16:00,74257.53,74258.53,74248.93,74258.01
1789461975,2026-09-15T14:16:15,74264.62,74266.75,74257.8,74265.32
1789461990,2026-09-15T14:16:30,74266.11,74266.11,74251.81,74251.81
1789462005,2026-09-15T14:16:45,74251.85,74260.73,74251.85,74257.54
1789462020,2026-09-15T14:17:00,74257.46,74260.98,74255.15,74260.98
1789462035,2026-09-15T14:17:15,74260.98,74260.98,74240.02,74244
1789462050,2026-09-15T14:17:30,74245.88,74257.19,74245.4,74257.19
1789462065,2026-09-15T14:17:45,74257.23,74266.39,74257.23,74265.63
1789462080,2026-09-15T14:18:00,74264.29,74267.74,74260.11,74260.57
1789462095,2026-09-15T14:18:15,74257.03,74264.48,74257.03,74264.48
1789462110,2026-09-15T14:18:30,74258.87,74258.99,74246.52,74246.52
1789462125,2026-09-15T14:18:45,74239.68,74242.58,74231.51,74231.51
1789462140,2026-09-15T14:19:00,74233.47,74233.7,74227.76,74231.56
1789462155,2026-09-15T14:19:15,74232.92,74235.24,74225.21,74225.21
1789462170,2026-09-15T14:19:30,74227.25,74227.25,74216.22,74218.88
1789462185,2026-09-15T14:19:45,74220.09,74220.67,74215.35,74215.75
1789462200,2026-09-15T14:20:00,74215.58,74232.17,74211.79,74232.17
1789462215,2026-09-15T14:20:15,74232.21,74245.64,74232.21,74245.64
1789462230,2026-09-15T14:20:30,74246.21,74248.24,74242.3,74242.58
1789462245,2026-09-15T14:20:45,74236.74,74241.35,74231.99,74232.85
1789462260,2026-09-15T14:21:00,74229.49,74238.26,74229.49,74238.26
1789462275,2026-09-15T14:21:15,74238.02,74250.33,74238.02,74249.56
1789462290,2026-09-15T14:21:30,74248.86,74260.93,74247.55,74260.93
1789462305,2026-09-15T14:21:45,74261.4,74267.42,74259.34,74267.42
1789462320,2026-09-15T14:22:00,74267.82,74270.42,74253.44,74253.44
1789462335,2026-09-15T14:22:15,74258.3,74264.58,74253,74264.31
1789462350,2026-09-15T14:22:30,74267.88,74277.75,74265.73,74277.75
1789462365,2026-09-15T14:22:45,74272.18,74280.44,74270.2,74277.45
1789462380,2026-09-15T14:23:00,74275.13,74286.63,74275.13,74286.06
1789462395,2026-09-15T14:23:15,74284.03,74284.03,74276.38,74277.88
1789462410,2026-09-15T14:23:30,74277.79,74285.05,74275,74275
1789462425,2026-09-15T14:23:45,74273.61,74278.73,74272.33,74278.17
1789462440,2026-09-15T14:24:00,74275.53,74275.53,74269.07,74270.02
1789462455,2026-09-15T14:24:15,74271.12,74271.36,74259.35,74260.34
1789462470,2026-09-15T14:24:30,74264.31,74264.31,74249.33,74250.27
1789462485,2026-09-15T14:24:45,74249.7,74252.46,74243.81,74252.46
1789462500,2026-09-15T14:25:00,74249.58,74255.5,74245.48,74255.5
1789462515,2026-09-15T14:25:15,74252.97,74259.06,74252.97,74256.97
1789462530,2026-09-15T14:25:30,74256.97,74256.97,74246.3,74246.63
1789462545,2026-09-15T14:25:45,74249.84,74251.61,74242.09,74246.41
1789462560,2026-09-15T14:26:00,74247.63,74261.43,74247.63,74261.43
1789462575,2026-09-15T14:26:15,74261.23,74261.23,74250.02,74250.02
1789462590,2026-09-15T14:26:30,74249.67,74255.62,74249.25,74253.2
1789462605,2026-09-15T14:26:45,74255.68,74263.46,74252.64,74252.64
1789462620,2026-09-15T14:27:00,74253.85,74260.91,74249.93,74260.77
1789462635,2026-09-15T14:27:15,74260.81,74261.3,74254.74,74258.07
1789462650,2026-09-15T14:27:30,74260.35,74267.04,74259.62,74267.04
1789462665,2026-09-15T14:27:45,74265.61,74265.61,74257.81,74257.81
1789462680,2026-09-15T14:28:00,74256.99,74259.74,74251.82,74257.29
1789462695,2026-09-15T14:28:15,74256.96,74261.21,74253.94,74261.21
1789462710,2026-09-15T14:28:30,74260.91,74260.91,74239.83,74240.9
1789462725,2026-09-15T14:28:45,74241.98,74242.67,74226.33,74228.54
1789462740,2026-09-15T14:29:00,74229.8,74230.8,74217.85,74217.85
1789462755,2026-09-15T14:29:15,74223.73,74243.78,74223.01,74243.19
1789462770,2026-09-15T14:29:30,74242.56,74243.23,74236.75,74238.48
1789462785,2026-09-15T14:29:45,74239.19,74247.08,74235.78,74247.08
1789462800,2026-09-15T14:30:00,74246.85,74246.85,74241.94,74241.94
1789462815,2026-09-15T14:30:15,74241.33,74245.87,74239.05,74245.87
1789462830,2026-09-15T14:30:30,74244.25,74244.25,74238.29,74241.83
1789462845,2026-09-15T14:30:45,74241.87,74244.98,74241.37,74241.93
1789462860,2026-09-15T14:31:00,74243.73,74248.39,74240.5,74242.13
1789462875,2026-09-15T14:31:15,74244.1,74246.89,74243.91,74245.27
1789462890,2026-09-15T14:31:30,74246.51,74249.41,74239.05,74240.35
1789462905,2026-09-15T14:31:45,74240.97,74247.99,74240.84,74243.63
1789462920,2026-09-15T14:32:00,74244.96,74257.01,74244.96,74255.22
1789462935,2026-09-15T14:32:15,74256.18,74256.83,74243.97,74244.72
1789462950,2026-09-15T14:32:30,74244.36,74248.71,74237.38,74248.71
1789462965,2026-09-15T14:32:45,74250,74253.62,74247.85,74249.27
1789462980,2026-09-15T14:33:00,74248.51,74260.79,74248.51,74260.79
1789462995,2026-09-15T14:33:15,74259.28,74268.21,74258.54,74261.41
1789463010,2026-09-15T14:33:30,74259.15,74272.18,74257.81,74265.07
1789463025,2026-09-15T14:33:45,74265.92,74269.22,74256.43,74257.34
1789463040,2026-09-15T14:34:00,74257.34,74269.06,74250.95,74269.06
1789463055,2026-09-15T14:34:15,74265.68,74272.7,74262.05,74264.93
1789463070,2026-09-15T14:34:30,74265.13,74265.13,74249.29,74256.46
1789463085,2026-09-15T14:34:45,74256.29,74262.57,74251.69,74260.15
1789463100,2026-09-15T14:35:00,74259.17,74264.29,74259.17,74263.52
1789463115,2026-09-15T14:35:15,74263.14,74263.14,74252.23,74252.23
1789463130,2026-09-15T14:35:30,74253,74256.93,74253,74255.66
1789463145,2026-09-15T14:35:45,74254.14,74261.64,74254.14,74258.27
1789463160,2026-09-15T14:36:00,74258.75,74267.99,74258.75,74267.99
1789463175,2026-09-15T14:36:15,74267.99,74268.48,74257.36,74260.26
1789463190,2026-09-15T14:36:30,74258.07,74264.42,74250.39,74264.42
1789463205,2026-09-15T14:36:45,74261.69,74266.52,74261.05,74262.94
1789463220,2026-09-15T14:37:00,74262.82,74262.82,74252.96,74258.06
1789463235,2026-09-15T14:37:15,74257.59,74257.95,74250.59,74250.59
1789463250,2026-09-15T14:37:30,74251.11,74255.97,74249.08,74249.74
1789463265,2026-09-15T14:37:45,74251.07,74261.24,74251.07,74256.12
1789463280,2026-09-15T14:38:00,74257.58,74257.58,74249.85,74255.34
1789463295,2026-09-15T14:38:15,74258.21,74263.3,74257.71,74259.55
1789463310,2026-09-15T14:38:30,74259.55,74263.52,74257.16,74263.52
1789463325,2026-09-15T14:38:45,74264.36,74274.69,74263.74,74274.69
1789463340,2026-09-15T14:39:00,74273.84,74297.07,74273.84,74290.34
1789463355,2026-09-15T14:39:15,74290.08,74294.44,74288.86,74292.78
1789463370,2026-09-15T14:39:30,74292.21,74296.15,74283.29,74283.29
1789463385,2026-09-15T14:39:45,74283.11,74285.36,74279.3,74284.48
1789463400,2026-09-15T14:40:00,74281.8,74281.8,74268.76,74269.61
1789463415,2026-09-15T14:40:15,74272.19,74280.5,74272.19,74280.5
1789463430,2026-09-15T14:40:30,74280.24,74289.71,74278.68,74289.71
1789463445,2026-09-15T14:40:45,74288.2,74292.89,74277.34,74280.73
1789463460,2026-09-15T14:41:00,74282.76,74288.5,74282.16,74282.16
1789463475,2026-09-15T14:41:15,74285.98,74300.19,74285.98,74296.29
1789463490,2026-09-15T14:41:30,74290.15,74300.29,74288.09,74300.29
1789463505,2026-09-15T14:41:45,74300.93,74305.5,74293.31,74293.31
1789463520,2026-09-15T14:42:00,74291.4,74298.42,74287.43,74289.87
1789463535,2026-09-15T14:42:15,74290.91,74294.21,74284.9,74285.67
1789463550,2026-09-15T14:42:30,74285.14,74306.08,74285.14,74305.23
1789463565,2026-09-15T14:42:45,74305.23,74305.23,74283.62,74285.99
1789463580,2026-09-15T14:43:00,74286.8,74286.8,74273.45,74274.95
1789463595,2026-09-15T14:43:15,74274.76,74282.18,74273.32,74279.58
1789463610,2026-09-15T14:43:30,74278.39,74289.96,74278.39,74289.96
1789463625,2026-09-15T14:43:45,74287.04,74290.91,74284.72,74284.72
1789463640,2026-09-15T14:44:00,74284.72,74296.48,74284.27,74293.16
1789463655,2026-09-15T14:44:15,74293.53,74295,74289.45,74293.6
1789463670,2026-09-15T14:44:30,74293.96,74296.43,74292.63,74295.41
1789463685,2026-09-15T14:44:45,74295.72,74295.72,74284.16,74284.16
1789463700,2026-09-15T14:45:00,74283.9,74284.1,74268.69,74272.15
1789463715,2026-09-15T14:45:15,74273.2,74273.2,74262.57,74262.57
1789463730,2026-09-15T14:45:30,74261.05,74268.1,74260.8,74266.21
1789463745,2026-09-15T14:45:45,74265.41,74268.29,74261.38,74263.7
1789463760,2026-09-15T14:46:00,74258.79,74258.79,74245.12,74245.12
1789463775,2026-09-15T14:46:15,74244.55,74248.1,74239.55,74239.86
1789463790,2026-09-15T14:46:30,74240.53,74241.93,74225.74,74228.69
1789463805,2026-09-15T14:46:45,74233.07,74236.21,74227.48,74227.88
1789463820,2026-09-15T14:47:00,74223.02,74226.11,74192.32,74192.32
1789463835,2026-09-15T14:47:15,74191.98,74197.91,74188.67,74188.67
1789463850,2026-09-15T14:47:30,74186.48,74186.48,74155.15,74155.15
1789463865,2026-09-15T14:47:45,74158.6,74160.17,74145.85,74145.85
1789463880,2026-09-15T14:48:00,74147.29,74148.89,74130.86,74130.86
1789463895,2026-09-15T14:48:15,74129.34,74129.34,74097.13,74097.13
1789463910,2026-09-15T14:48:30,74093.52,74093.52,74081.94,74090.2
1789463925,2026-09-15T14:48:45,74092.61,74101.21,74086.88,74101.21
1789463940,2026-09-15T14:49:00,74102.97,74125.17,74101.11,74124.2
1789463955,2026-09-15T14:49:15,74124.56,74124.56,74113.69,74118.17
1789463970,2026-09-15T14:49:30,74117.64,74118.22,74110.38,74112.08
1789463985,2026-09-15T14:49:45,74116.96,74126.6,74116.96,74122.64
1789464000,2026-09-15T14:50:00,74122.75,74139.37,74122.75,74130.58
1789464015,2026-09-15T14:50:15,74131.05,74164.72,74131.05,74164.72
1789464030,2026-09-15T14:50:30,74155.97,74170.64,74155.36,74170.45
1789464045,2026-09-15T14:50:45,74166.44,74176.14,74162.3,74173.09
1789464060,2026-09-15T14:51:00,74181.15,74198.74,74181.15,74198.74
1789464075,2026-09-15T14:51:15,74199.76,74199.8,74180.05,74181.38
1789464090,2026-09-15T14:51:30,74181.89,74192.13,74180.14,74188.76
1789464105,2026-09-15T14:51:45,74191.04,74213.54,74191.04,74213.54
1789464120,2026-09-15T14:52:00,74215.12,74216.09,74202.17,74208.4
1789464135,2026-09-15T14:52:15,74207.24,74210.61,74196.17,74210.61
1789464150,2026-09-15T14:52:30,74208.9,74214.54,74205.94,74205.94
1789464165,2026-09-15T14:52:45,74210.88,74211.04,74201.84,74208.53
1789464180,2026-09-15T14:53:00,74206.35,74209.05,74196.84,74198.39
1789464195,2026-09-15T14:53:15,74198.16,74198.16,74182.96,74187.02
1789464210,2026-09-15T14:53:30,74182.71,74183.51,74177.68,74179.18
1789464225,2026-09-15T14:53:45,74175.35,74196.5,74174.72,74192.79
1789464240,2026-09-15T14:54:00,74196.61,74196.87,74181.97,74185.46
1789464255,2026-09-15T14:54:15,74185.67,74193.22,74185.2,74187.16
1789464270,2026-09-15T14:54:30,74187.16,74193.55,74185.45,74186.71
1789464285,2026-09-15T14:54:45,74180.73,74186.38,74166.95,74169.38
1789464300,2026-09-15T14:55:00,74169.32,74191.06,74168.81,74189.47
1789464315,2026-09-15T14:55:15,74189.36,74192.28,74184.82,74185.17
1789464330,2026-09-15T14:55:30,74184.34,74194.95,74184.34,74189.44
1789464345,2026-09-15T14:55:45,74189.55,74189.55,74174.67,74176.55
1789464360,2026-09-15T14:56:00,74176.58,74187.55,74175.52,74185.21
1789464375,2026-09-15T14:56:15,74185.69,74187.55,74180.34,74185.7
1789464390,2026-09-15T14:56:30,74182.62,74189.95,74180.63,74180.63
1789464405,2026-09-15T14:56:45,74180.54,74189.27,74180.54,74189.27
1789464420,2026-09-15T14:57:00,74189.24,74190.81,74182.04,74186.05
1789464435,2026-09-15T14:57:15,74189.06,74189.06,74180.96,74186.54
1789464450,2026-09-15T14:57:30,74185.23,74189.43,74180.91,74189.43
1789464465,2026-09-15T14:57:45,74187.62,74189.85,74181.63,74184.07
1789464480,2026-09-15T14:58:00,74183.63,74189.44,74182.5,74186.09
1789464495,2026-09-15T14:58:15,74186.46,74188.8,74181.73,74181.73
1789464510,2026-09-15T14:58:30,74180.51,74185.96,74178.79,74178.79
1789464525,2026-09-15T14:58:45,74179.31,74185.64,74179.31,74181.46
1789464540,2026-09-15T14:59:00,74180.18,74182.5,74172.88,74174.73
1789464555,2026-09-15T14:59:15,74173.07,74173.07,74163.3,74166.83
1789464570,2026-09-15T14:59:30,74166.4,74167.58,74156.67,74160.58
1789464585,2026-09-15T14:59:45,74159.69,74164.44,74159.18,74159.78
1789464600,2026-09-15T15:00:00,74156.49,74166.28,74153.07,74161.98
1789464615,2026-09-15T15:00:15,74159.79,74165.36,74156.32,74165.36
1789464630,2026-09-15T15:00:30,74165.55,74166.44,74148.07,74153.79
1789464645,2026-09-15T15:00:45,74153.91,74157.89,74152.42,74157.74
1789464660,2026-09-15T15:01:00,74157.57,74161.18,74151.01,74158.62
1789464675,2026-09-15T15:01:15,74157.05,74157.05,74150.63,74153.01
1789464690,2026-09-15T15:01:30,74160.13,74184.01,74158.86,74184.01
1789464705,2026-09-15T15:01:45,74188.22,74189.79,74175.05,74177.12
1789464720,2026-09-15T15:02:00,74176.05,74190.85,74174.04,74187.78
1789464735,2026-09-15T15:02:15,74186.27,74189.8,74176.86,74177.2
1789464750,2026-09-15T15:02:30,74176.39,74176.39,74166.65,74170.11
1789464765,2026-09-15T15:02:45,74169.46,74169.46,74163.15,74164.68
1789464780,2026-09-15T15:03:00,74163.66,74170.92,74163.66,74166.48
1789464795,2026-09-15T15:03:15,74166.47,74169.55,74160.69,74160.69
1789464810,2026-09-15T15:03:30,74168.76,74170.4,74159.59,74159.59
1789464825,2026-09-15T15:03:45,74161.49,74164.64,74154.69,74163.07
1789464840,2026-09-15T15:04:00,74164.04,74172.28,74159.89,74162.56
1789464855,2026-09-15T15:04:15,74163.85,74173.84,74163.85,74173.84
1789464870,2026-09-15T15:04:30,74175.66,74192.55,74171.9,74191.42
1789464885,2026-09-15T15:04:45,74190.79,74194.06,74178.12,74181.76
1789464900,2026-09-15T15:05:00,74182.15,74185.93,74174.79,74175.63
1789464915,2026-09-15T15:05:15,74171.66,74177.74,74168.19,74170.85
1789464930,2026-09-15T15:05:30,74172.33,74173.79,74155.98,74158.94
1789464945,2026-09-15T15:05:45,74163.13,74171.58,74162.7,74168.34
1789464960,2026-09-15T15:06:00,74166.17,74167.95,74151,74151
1789464975,2026-09-15T15:06:15,74145.19,74150.51,74141.27,74143.41
1789464990,2026-09-15T15:06:30,74145.27,74158.82,74145.27,74158.82
1789465005,2026-09-15T15:06:45,74156.88,74160.84,74152.07,74156.73
1789465020,2026-09-15T15:07:00,74160.93,74165.62,74152.78,74152.78
1789465035,2026-09-15T15:07:15,74153.27,74185.44,74153.27,74180.6
1789465050,2026-09-15T15:07:30,74179.82,74180.69,74169.58,74173.59
1789465065,2026-09-15T15:07:45,74175.07,74176.53,74168.38,74172.2
1789465080,2026-09-15T15:08:00,74176.66,74176.66,74166.38,74171.11
1789465095,2026-09-15T15:08:15,74169.82,74171.89,74164.68,74164.69
1789465110,2026-09-15T15:08:30,74156.91,74163.2,74156.18,74156.6
1789465125,2026-09-15T15:08:45,74157.3,74164.29,74157.3,74159.01
1789465140,2026-09-15T15:09:00,74158.6,74159.16,74145.06,74152.03
1789465155,2026-09-15T15:09:15,74156.03,74156.03,74143.27,74151.02
1789465170,2026-09-15T15:09:30,74149.97,74166.1,74149.97,74159.38
1789465185,2026-09-15T15:09:45,74160.34,74162.02,74146.56,74154.91
1789465200,2026-09-15T15:10:00,74153.68,74166.21,74153.68,74155.06
1789465215,2026-09-15T15:10:15,74155.58,74157.25,74151.64,74157.25
1789465230,2026-09-15T15:10:30,74150.67,74152.37,74144.36,74152.37
1789465245,2026-09-15T15:10:45,74149.98,74158.28,74149.98,74158.28
1789465260,2026-09-15T15:11:00,74158.7,74165.42,74158.5,74158.61
1789465275,2026-09-15T15:11:15,74158.54,74195.85,74156.08,74189.58
1789465290,2026-09-15T15:11:30,74200.97,74210.1,74191.5,74206.46
1789465305,2026-09-15T15:11:45,74213.23,74214.04,74201.3,74205.87
1789465320,2026-09-15T15:12:00,74204.23,74206,74185.96,74188.58
1789465335,2026-09-15T15:12:15,74192.65,74192.65,74179.78,74179.78
1789465350,2026-09-15T15:12:30,74180.84,74194.82,74175.54,74179.5
1789465365,2026-09-15T15:12:45,74181.75,74188.29,74176.41,74176.88
1789465380,2026-09-15T15:13:00,74186.56,74190,74155.28,74169.29
1789465395,2026-09-15T15:13:15,74173.95,74183.76,74172.73,74183.37
1789465410,2026-09-15T15:13:30,74188.45,74201.05,74187.48,74189.13
1789465425,2026-09-15T15:13:45,74193.14,74195.18,74178.8,74185.27
1789465440,2026-09-15T15:14:00,74182.56,74185.71,74172.85,74180.7
1789465455,2026-09-15T15:14:15,74174.47,74184.94,74162.93,74170.61
1789465470,2026-09-15T15:14:30,74173.6,74173.6,74151.62,74172.39
1789465485,2026-09-15T15:14:45,74170.66,74181.76,74156.37,74174.96
1789465500,2026-09-15T15:15:00,74171.82,74171.82,74171.82,74171.82
1789465515,2026-09-15T15:15:15,74171.82,74171.82,74171.82,74171.82
1789465530,2026-09-15T15:15:30,74171.82,74171.82,74171.82,74171.82
1789465545,2026-09-15T15:15:45,74171.82,74171.82,74171.82,74171.82
1789465560,2026-09-15T15:16:00,74171.82,74171.82,74171.82,74171.82
1789465575,2026-09-15T15:16:15,74171.82,74171.82,74171.82,74171.82
1789465590,2026-09-15T15:16:30,74171.82,74171.82,74171.82,74171.82
1789465605,2026-09-15T15:16:45,74171.82,74171.82,74171.82,74171.82
1789465620,2026-09-15T15:17:00,74171.82,74171.82,74171.82,74171.82
1789465635,2026-09-15T15:17:15,74171.82,74171.82,74171.82,74171.82
1789465650,2026-09-15T15:17:30,74171.82,74171.82,74171.82,74171.82
1789465665,2026-09-15T15:17:45,74171.82,74171.82,74171.82,74171.82
1789465680,2026-09-15T15:18:00,74171.82,74171.82,74171.82,74171.82
1789465695,2026-09-15T15:18:15,74171.82,74171.82,74171.82,74171.82
1789465710,2026-09-15T15:18:30,74171.82,74171.82,74171.82,74171.82
1789465725,2026-09-15T15:18:45,74171.82,74171.82,74171.82,74171.82
1789465740,2026-09-15T15:19:00,74171.82,74171.82,74171.82,74171.82
1789465755,2026-09-15T15:19:15,74171.82,74171.82,74171.82,74171.82
1789465770,2026-09-15T15:19:30,74171.82,74171.82,74171.82,74171.82
1789465785,2026-09-15T15:19:45,74171.82,74171.82,74171.82,74171.82
1789465800,2026-09-15T15:20:00,74171.82,74171.82,74171.82,74171.82
1789465815,2026-09-15T15:20:15,74171.82,74171.82,74171.82,74171.82
1789465830,2026-09-15T15:20:30,74171.82,74171.82,74171.82,74171.82
1789465845,2026-09-15T15:20:45,74171.82,74171.82,74171.82,74171.82
1789465860,2026-09-15T15:21:00,74171.82,74171.82,74171.82,74171.82
1789465875,2026-09-15T15:21:15,74171.82,74171.82,74171.82,74171.82
1789465890,2026-09-15T15:21:30,74171.82,74171.82,74171.82,74171.82
1789465905,2026-09-15T15:21:45,74171.82,74171.82,74171.82,74171.82
1789465920,2026-09-15T15:22:00,74171.82,74171.82,74171.82,74171.82
1789465935,2026-09-15T15:22:15,74171.82,74171.82,74171.82,74171.82
1789465950,2026-09-15T15:22:30,74171.82,74171.82,74171.82,74171.82
1789465965,2026-09-15T15:22:45,74171.82,74171.82,74171.82,74171.82
1789465980,2026-09-15T15:23:00,74171.82,74171.82,74171.82,74171.82
1789465995,2026-09-15T15:23:15,74171.82,74171.82,74171.82,74171.82
1789466010,2026-09-15T15:23:30,74171.82,74171.82,74171.82,74171.82
1789466025,2026-09-15T15:23:45,74171.82,74171.82,74171.82,74171.82
1789466040,2026-09-15T15:24:00,74171.82,74171.82,74171.82,74171.82
1789466055,2026-09-15T15:24:15,74171.82,74171.82,74171.82,74171.82
1789466070,2026-09-15T15:24:30,74171.82,74171.82,74171.82,74171.82
1789466085,2026-09-15T15:24:45,74171.82,74171.82,74171.82,74171.82
1789466100,2026-09-15T15:25:00,74171.82,74171.82,74171.82,74171.82
1789466115,2026-09-15T15:25:15,74171.82,74171.82,74171.82,74171.82
1789466130,2026-09-15T15:25:30,74171.82,74171.82,74171.82,74171.82
1789466145,2026-09-15T15:25:45,74171.82,74171.82,74171.82,74171.82
1789466160,2026-09-15T15:26:00,74171.82,74171.82,74171.82,74171.82
1789466175,2026-09-15T15:26:15,74171.82,74171.82,74171.82,74171.82
1789466190,2026-09-15T15:26:30,74171.82,74171.82,74171.82,74171.82
1789466205,2026-09-15T15:26:45,74171.82,74171.82,74171.82,74171.82
1789466220,2026-09-15T15:27:00,74171.82,74171.82,74171.82,74171.82
1789466235,2026-09-15T15:27:15,74171.82,74171.82,74171.82,74171.82
1789466250,2026-09-15T15:27:30,74171.82,74171.82,74171.82,74171.82
1789466265,2026-09-15T15:27:45,74171.82,74171.82,74171.82,74171.82
1789466280,2026-09-15T15:28:00,74171.82,74171.82,74171.82,74171.82
1789466295,2026-09-15T15:28:15,74171.82,74171.82,74171.82,74171.82
1789466310,2026-09-15T15:28:30,74171.82,74171.82,74171.82,74171.82
1789466325,2026-09-15T15:28:45,74171.82,74171.82,74171.82,74171.82
1789466340,2026-09-15T15:29:00,74171.82,74171.82,74003.82,74003.82
1789466355,2026-09-15T15:29:15,74003.82,74003.82,74003.82,74003.82
1789466370,2026-09-15T15:29:30,74003.82,74003.82,74003.82,74003.82
1789466385,2026-09-15T15:29:45,74003.82,74003.82,74003.82,74003.82
